Kommune/Kreis;Bezeichnung;Zugehörigkeit Kreis;Anrede;Titel HVB;HVB/Vorname;HVB/Name;PPZ;Postfach;PLZ;Ort;Strasse;Telefon;Telefax;Internet;E-Mail;AGS;Reg-Bez
Aachen;kreisfreie Stadt;;Herrn;Oberbürgermeister;Marcel;Philipp;;;52062;Aachen;Katschhof;0241 432-0;0241 432-8000;www.aachen.de;oberbuergermeister@mail.aachen.de;05334002;Köln
Städteregion Aachen;Städteregion;;Herrn;Städteregionsrat;Helmut;Etschenberg;52088;Postfach 500451;52070;Aachen;Zollernstr.10;0241 5198-1;0241 533190;www.staedteregion-aachen.de;info@staedteregion-aachen.de;05334000;Köln
Ahaus;Mittlere kreisangehörige Stadt;Borken;Frau;Bürgermeisterin;Karola Maria;Voß;48664;Postfach 1462;48683;Ahaus;Rathausplatz 1;02561/720;02561/72100;www.ahaus.de;info@ahaus.de;05554004;Münster
Ahlen;Mittlere kreisangehörige Stadt;Warendorf;Herrn;Bürgermeister;Dr. Alexander;Berger;59212;Postfach 2551;59227;Ahlen;Westenmauer 10;02382/590;02382/59465;www.ahlen.de;info@stadt.ahlen.de;05570004;Münster
Aldenhoven;kreisangehörige Gemeinde;Düren;Herrn;Bürgermeister;Ralf;Claßen;52447;Postfach 1363;52457;Aldenhoven;Dietrich-Mülfahrt-Str.11-13;02464/5860;02464/586222;www.aldenhoven.de;gemeinde@aldenhoven.de;05358004;Köln
Alfter;kreisangehörige Gemeinde;Rhein-Sieg-Kreis;Herrn;Bürgermeister;Dr. Rolf;Schumacher;;;53347;Alfter;Am Rathaus 7;0228/64840;0228/6484199;www.alfter.de;rathaus@alfter.de;05382004;Köln
Alpen;kreisangehörige Gemeinde;Wesel;Herrn;Bürgermeister;Thomas;Ahls;46515;Postfach 1140;46519;Alpen;Rathausstr. 3-5;02802/9120;02802/912912;www.alpen.de;info@alpen.de;05170004;Düsseldorf
Alsdorf;Mittlere kreisangehörige Stadt;Städteregion Aachen;Herrn;Bürgermeister;Alfred;Sonders;52463;Postfach 1340;52477;Alsdorf;Hubertusstr.17;02404/500;02404/22640;www.alsdorf.de;info@alsdorf.de;05334004;Köln
Altena;Mittlere kreisangehörige Stadt;Märkischer Kreis;Herrn;Bürgermeister;Dr. Andreas;Hollstein;58746;Postfach 1654;58762;Altena;Lüdenscheider Str. 22;02352/2090;02352/209203;www.altena.de;post@altena.de;05962004;Arnsberg
Altenbeken;kreisangehörige Gemeinde;Paderborn;Herrn;Bürgermeister;Hans Jürgen;Wessels;33182;Postfach 1153;33184;Altenbeken;Bahnhofstr 5a;05255/12000;05255/120033;www.altenbeken.de;markus.raabe@altenbeken.de;05774004;Detmold
Altenberge;kreisangehörige Gemeinde;Steinfurt;Herrn;Bürgermeister;Jochen;Paus;48338;Postfach 1262;48341;Altenberge;Kirchstr. 25;02505/820;02505/8240;www.altenberge.de;gemeinde@altenberge.de;05566004;Münster
Anröchte;kreisangehörige Gemeinde;Soest;Herrn;Bürgermeister;Alfred;Schmidt;59603;Postfach 1162;59609;Anröchte;Hauptstraße74;02947/888-0;02947/888-180;www.anroechte.de;post@anroechte.de;05974004;Arnsberg
Arnsberg;Große kreisangehörige Stadt;Hochsauerland;Herrn;Bürgermeister;Hans-Josef;Vogel;;;59759;Arnsberg;Rathausplatz 1;02932/2010;02932/25250;www.arnsberg.de;stadt@arnsberg.de;05958004;Arnsberg
Ascheberg;kreisangehörige Gemeinde;Coesfeld;Herrn;Bürgermeister;Dr. Bert;Risthaus;59383;Postfach 2154;59387;Ascheberg;Dieningstr. 7;02593/6090;02593/60919;www.ascheberg.de;gemeinde@ascheberg.de;05558004;Münster
Attendorn;Mittlere kreisangehörige Stadt;Olpe;Herrn;Bürgermeister;Christian;Pospischil;57428;Postfach 420 /429;57439;Attendorn;Kölner Str. 12;02722/640;02722/64421;www.attendorn.de;stadt@attendorn.de;05966004;Arnsberg
Augustdorf;kreisangehörige Gemeinde;Lippe;Herrn;Bürgermeister;Dr. Andreas Jürgen;Wulf;32826;Postfach 1140;32832;Augustdorf;Pivitsheider Str.16;05237/97100;05237/971037;www.augustdorf.de;info@augustdorf.de;05766004;Detmold
Bad Berleburg;kreisangehörige Stadt;Siegen-Wittgenstein;Herrn;Bürgermeister;Bernd;Fuhrmann;57306;Postfach 1680;57319;Bad Berleburg;Poststr. 42;02751/9230;02751/923288;www.bad-berleburg.de;info@bad-berleburg.de;05970004;Arnsberg
Bad Driburg;kreisangehörige Stadt;Höxter;Herrn;Bürgermeister;Burkhard;Deppe;33004;Postfach 1469;33014;Bad Driburg;Rathausstr. 2;05253/880;05253/88135;www.bad-driburg.de;info@bad-driburg.de;05762004;Detmold
Bad Honnef;Mittlere kreisangehörige Stadt;Rhein-Sieg-Kreis;Herrn;Bürgermeister;Otto;Neuhoff;53587;Postfach 1740;53604;Bad Honnef;Rathausplatz 1;02224/1840;02224/184115;www.bad-honnef.de;info@bad-honnef.de;05382008;Köln
Bad Laasphe;kreisangehörige Stadt;Siegen-Wittgenstein;Herrn;Bürgermeister;Dr. Torsten;Spillmann;57326;Postfach 101462;57334;Bad Laasphe;Mühlenstr. 20;02752/9090;02752/90999;www.bad-laasphe.de;post@bad-laasphe.de;05970028;Arnsberg
Bad Lippspringe;kreisangehörige Stadt;Paderborn;Herrn;Bürgermeister;Andreas;Bee;33169;Postfach 1480;33175;Bad Lippspringe;Fr.-Wilhelm-Weber-Platz 1;05252/260;05252/26166;www.bad-lippspringe.de;info@bad-lippspringe.de;05774008;Detmold
Bad Münstereifel;kreisangehörige Stadt;Euskirchen;Frau;Bürgermeisterin;Sabine;Preiser-Marian;53896;Postfach 1240;53902;Bad Münstereifel;Marktstr. 11-15;02253/5050;02253/505114;www.bad-muenstereifel.de;buergermeister@bad-muenstereifel.de;05366004;Köln
Bad Oeynhausen;Mittlere kreisangehörige Stadt;Minden-Lübbecke;Herrn;Bürgermeister;Achim;Wilmsmeier;32512;Postfach 101245;32545;Bad Oeynhausen;Ostkorso 8;05731/140;05731/141900;www.badoeynhausen.de;Info@badoeynhausen.de;05770004;Detmold
Bad Salzuflen;Mittlere kreisangehörige Stadt;Lippe;Herrn;Bürgermeister;Roland;Thomas;;;32105;Bad Salzuflen;Rudolph-Brandes-Allee 19;05222/9520;05222/952161;www.staatsbad-salzuflen.de;stadt@bad-salzuflen.de;05766008;Detmold
Bad Sassendorf;kreisangehörige Gemeinde;Soest;Herrn;Bürgermeister;Malte;Dahlhoff;59499;Postfach 1140;59505;Bad Sassendorf;Eichendorffstr. 1;02921/5050;02921/50559;www.bad-sassendorf.de;post@bad-sassendorf.de;05974008;Arnsberg
Bad Wünnenberg;kreisangehörige Stadt;Paderborn;Herrn;Bürgermeister;Christoph;Rüther;33179;Postfach 1140;33181;Bad Wünnenberg;Poststr. 15;02953/709-0;02953/709-78;www.wuennenberg.de;stadt.wuennenberg@wuennenberg.de;05774040;Detmold
Baesweiler;Mittlere kreisangehörige Stadt;Städteregion Aachen;Herrn;Bürgermeister;Dr. Willi;Linkens;52490;Postfach 1180;52499;Baesweiler;Mariastr. 2;02401/8000;02401/800117;www.baesweiler.de;info@stadt.baesweiler.de;05334008;Köln
Balve;kreisangehörige Stadt;Märkischer Kreis;Herrn;Bürgermeister;Hubertus;Mühling;58795;Postfach 160;58802;Balve;Widukindplatz 1;02375/9260;02375/926160;www.balve.de;post@balve.de;05962008;Arnsberg
Barntrup;kreisangehörige Stadt;Lippe;Herrn;Bürgermeister;Jürgen;Schell;32679;Postfach 1320;32683;Barntrup;Mittelstr. 38;05263/4090;05263/409249;www.barntrup.de;info@barntrup.de;05766012;Detmold
Beckum;Mittlere kreisangehörige Stadt;Warendorf;Herrn;Bürgermeister;Dr. Karl-Uwe;Strothmann;59248;Postfach 1863;59269;Beckum;Weststr. 46;02521/290;02521/2955199;www.beckum.de;stadt@beckum.de;05570008;Münster
Bedburg;Mittlere kreisangehörige Stadt;Rhein-Erft-Kreis;Herrn;Bürgermeister;Sascha;Solbach;50173;Postfach 1253;50181;Bedburg;Am Rathaus 1;02272/402-0;02272/402149;www.bedburg.de;stadtverwaltung@bedburg.de;05362004;Köln
Bedburg-Hau;kreisangehörige Gemeinde;Kleve;Herrn;Bürgermeister;Peter;Driessen;47547;Postfach 1156;47551;Bedburg-Hau;Rathausplatz 1;02821/6600;02821/66052;www.bedburg-hau.de;rathaus@bedburg-hau.de;05154004;Düsseldorf
Beelen;kreisangehörige Gemeinde;Warendorf;Frau;Bürgermeisterin;Elisabeth;Kammann;48357;Postfach 1161/1162;48361;Beelen;Warendorfer Str. 9;02586/8870;02586/88788;www.beelen.de;info@beelen.de;05570012;Münster
Rhein-Erft-Kreis;Kreis;;Herrn;Landrat;Michael;Kreuzberg;;;50126;Bergheim;Willy-Brandt-Platz 1;02271/83-0;02271/832300;www.rhein-erft-kreis.de;info@rhein-erft-kreis.de;05362000;Köln
Bergheim;Große kreisangehörige Stadt;Rhein-Erft-Kreis;Herrn;Bürgermeister;Volker;Mießeler;50101;Postfach 1169;50126;Bergheim;Bethlehemer Str. 11;02271/89-0;02271/89239;www.bergheim.de;rathaus@bergheim.de;05362008;Köln
Rheinisch-Bergischer Kreis;Kreis;;Herrn;Landrat;Dr. Hermann-Josef;Tebroke;51434;Postfach 200450;51469;Bergisch Gladbach;Am Rübezahlwald 7;02202/130;02202/132600;w3.rbk-online.de;info@rbk-online.de;05378000;Köln
Bergisch Gladbach;Große kreisangehörige Stadt;Rheinisch-Bergischer Kreis;Herrn;Bürgermeister;Lutz;Urbach;51439;Postfach 200920;51465;Bergisch Gladbach;Konrad-Adenauer-Platz 1;02202/140;02202/142810;www.bergischgladbach.de;info@bergischgladbach.de;05378004;Köln
Bergkamen;Mittlere kreisangehörige Stadt;Unna;Herrn;Bürgermeister;Roland Rudolf Hermann;Schäfer;59179;Postfach 1560;59192;Bergkamen;Rathausplatz 1;02307/9650;02307/69299;www.bergkamen.de;info@bergkamen.de;05978004;Arnsberg
Bergneustadt;kreisangehörige Stadt;Oberbergischer Kreis;Herrn;Bürgermeister;Wilfried;Holberg;51692;Postfach 1453;51702;Bergneustadt;Kölner Str. 256;02261/4040;02261/404175;www.bergneustadt.de;rathaus@bergneustadt.de;05374004;Köln
Bestwig;kreisangehörige Gemeinde;Hochsauerland;Herrn;Bürgermeister;Ralf Stefan;Péus;59901;Postfach 1163;59909;Bestwig;Rathausplatz 1;02904/9870;02904/987274;www.bestwig.de;info@bestwig.de;05958008;Arnsberg
Beverungen;kreisangehörige Stadt;Höxter;Herrn;Bürgermeister;Hubertus;Grimm;37677;Postfach 1342;37688;Beverungen;Weserstr. 12;05273/3920;05273/392120;www.beverungen.de;info@beverungen.de;05762008;Detmold
Bielefeld;kreisfreie Stadt;;Herrn;Oberbürgermeister;Pit;Clausen;33501;Postfach 100111;33597;Bielefeld;Niederwall 23;0521/510;0521/516599;www.bielefeld.de;posteingang@bielefeld.de;05711000;Detmold
Billerbeck;kreisangehörige Stadt;Coesfeld;Frau;Bürgermeisterin;Marion;Dirks;48723;Postfach 1361;48727;Billerbeck;Markt 1;02543/730;02543/7350;www.billerbeck.de;stadt@billerbeck.de;05558008;Münster
Blankenheim;kreisangehörige Gemeinde;Euskirchen;Herrn;Bürgermeister;Rolf;Hartmann;53941;Postfach 40;53945;Blankenheim;Rathausplatz 16;02449/870;02449/87199;www.blankenheim.de;info@blankenheim.de;05366008;Köln
Blomberg;kreisangehörige Stadt;Lippe;Herrn;Bürgermeister;Klaus;Geise;32820;Postfach 1452;32825;Blomberg;Marktplatz 1;05235/5040;05235/504610;www.blomberg-lippe.de;info@blomberg-lippe.de;05766016;Detmold
Bocholt;Große kreisangehörige Stadt;Borken;Herrn;Bürgermeister;Peter;Nebelo;46372;Postfach 2262;46395;Bocholt;Berliner Platz 1;02871/9530;02871/953222;www.bocholt.de;buergermeister@mail.bocholt.de;05554008;Münster
Bochum;kreisfreie Stadt;;Herrn;Oberbürgermeister;Thomas;Eiskirch;;;44787;Bochum;Willy-Brandt-Platz 2-6;0234/9100;0234/9103643;www.bochum.de;info@bochum.de;05911000;Arnsberg
Bönen;kreisangehörige Gemeinde;Unna;Herrn;Bürgermeister;Stephan;Rotering;59194;Postfach 1241;59199;Bönen;Am Bahnhof 7;02383/9330;02383/933119;www.boenen.de;post@boenen.de;05978008;Arnsberg
Bonn;kreisfreie Stadt;;Herrn;Oberbürgermeister;Ashok-Alexander;Sridharan;;;53111;Bonn;Berliner Platz 2;0228/77-0;0228/774646;www.bonn.de;oberbuergermeister@bonn.de;05314000;Köln
Borchen;kreisangehörige Gemeinde;Paderborn;Herrn;Bürgermeister;Reiner;Allerdissen;;;33178;Borchen;Unter der Burg 1;05251/38880;05251/388849;www.borchen.de;gemeindeverwaltung@borchen.de;05774012;Detmold
Borgentreich;kreisangehörige Stadt;Höxter;Herrn;Bürgermeister;Rainer;Rauch;34432;Postfach 4;34434;Borgentreich;Am Rathaus 13;05643/8090;05643/80990;www.borgentreich.de;info@borgentreich.de;05762012;Detmold
Borgholzhausen;kreisangehörige Stadt;Gütersloh;Herrn;Bürgermeister;Dirk;Speckmann;33826;Postfach 1261;33829;Borgholzhausen;Schulstr. 5;05425/8070;05425/80799;www.borgholzhausen.de;borgholzhausen@gt-net.de;05754004;Detmold
Borken;Kreis;;Herrn;Landrat;Dr. Kai;Zwicker;;;46325;Borken;Burloer Str. 93;02861/820;02861/63320;www.kreis-borken.de;info@kreis-borken.de;05554000;Münster
Borken;Mittlere kreisangehörige Stadt;Borken;Frau;Bürgermeisterin;Mechthild;Schulze Hessing;46307;Postfach 1764;46325;Borken;Im Piepershagen 17;02861/9390;02861/939253;www.borken.de;stadtpost@borken.de;05554012;Münster
Bornheim;Mittlere kreisangehörige Stadt;Rhein-Sieg-Kreis;Herrn;Bürgermeister;Wolfgang;Henseler;53308;Postfach 1140;53332;Bornheim;Rathausstr. 2;02222/9450;02222/945126;www.stadtverwaltung-bornheim.de;info@stadt-bornheim.de;05382012;Köln
Bottrop;kreisfreie Stadt;;Herrn;Oberbürgermeister;Bernd;Tischler;46215;Postfach 101554;46236;Bottrop;Ernst-Wilczok-Platz 1;02041/7030;02041/703280;www.bottrop.de;stadtverwaltung@bottrop.de;05512000;Münster
Brakel;kreisangehörige Stadt;Höxter;Herrn;Bürgermeister;Hermann;Temme;33029;Postfach 1480;33034;Brakel;Am Markt ;05272/3600;05272/360360;www.brakel.de;info@brakel.de;05762016;Detmold
Breckerfeld;kreisangehörige Stadt;Ennepe-Ruhr;Herrn;Bürgermeister;André;Dahlhaus;58333;Postfach 180;58339;Breckerfeld;Frankfurter Str. 38;02338/809-0;02338/80967;www.breckerfeld.de;info@breckerfeld.de;05954004;Arnsberg
Brilon;Mittlere kreisangehörige Stadt;Hochsauerland;Herrn;Bürgermeister;Dr. Christof;Bartsch;59919;Postfach 1660;59929;Brilon;Am Markt 1;02961/7940;02961/794108;www.brilon.de;info@brilon.de;05958012;Arnsberg
Brüggen;kreisangehörige Gemeinde;Viersen;Herrn;Bürgermeister;Frank;Gellen;41374;Postfach 1252;41379;Brüggen;Klosterstr. 38;02163/57010;02163/570165;www.brueggen.de;info@brueggen.de;05166004;Düsseldorf
Brühl;Mittlere kreisangehörige Stadt;Rhein-Erft-Kreis;Herrn;Bürgermeister;Dieter;Freytag;50319;Postfach 1840;50321;Brühl;Uhlstr. 3;02232/79-0;02232/48051;www.bruehl.de;stadtverwaltung@bruehl.de;05362012;Köln
Bünde;Mittlere kreisangehörige Stadt;Herford;Herrn;Bürgermeister;Wolfgang;Koch;32227;Postfach 2749;32257;Bünde;Bahnhofstr. 13+15;05223/1610;05223/161351;www.buende.de;info@buende.de;05758004;Detmold
Burbach;kreisangehörige Gemeinde;Siegen-Wittgenstein;Herrn;Bürgermeister;Christoph;Ewers;57291;Postfach 1120;57299;Burbach;Eicher Weg 13;02736/450;02736/4555;www.burbach-siegerland.de;rathaus@burbach-siegerland.de;05970008;Arnsberg
Büren;kreisangehörige Stadt;Paderborn;Herrn;Bürgermeister;Burkhard;Schwuchow;33133;Postfach 1480;33142;Büren;Königstr. 16;02951/9700;02951/970120;www.bueren.de;buergermeister@bueren.de;05774016;Detmold
Burscheid;kreisangehörige Stadt;Rheinisch-Bergischer Kreis;Herrn;Bürgermeister;Stefan;Caplan;;;51399;Burscheid;Höhestr. 7-9;02174/6700;02174/670111;www.burscheid.de;post@burscheid.de;05378008;Köln
Castrop-Rauxel;Große kreisangehörige Stadt;Recklinghausen;Herrn;Bürgermeister;Rajko;Kravanja;44573;Postfach 102040;44575;Castrop-Rauxel;Europaplatz 1;02305/1061;02305/1062244;www.castrop-rauxel.de;stadtverwaltung@castrop-rauxel.de;05562004;Münster
Coesfeld;Kreis;;Herrn;Landrat;Dr. Christian;Schulze Pellengahr;48638;;48653;Coesfeld;Friedrich-Ebert-Str.7;02541/180;02541/189999;www.kreis-coesfeld.de;info@kreis-coesfeld.de;05558000;Münster
Coesfeld;Mittlere kreisangehörige Stadt;Coesfeld;Herrn;Bürgermeister;Heinz;Öhmann;48638;Postfach 1843;48653;Coesfeld;Markt 8;02541/9390;02541/9394000;www.coesfeld.de;stadt@coesfeld.de;05558012;Münster
Dahlem;kreisangehörige Gemeinde;Euskirchen;Herrn;Bürgermeister;Jan;Lembach;53948;Postfach 55;53949;Dahlem;Hauptstr. 23;02447/95550;02447/955555;www.dahlem.de;Buergermeister@dahlem.de;05366012;Köln
Datteln;Mittlere kreisangehörige Stadt;Recklinghausen;Herrn;Bürgermeister;André;Dora;45705;Postfach 1465;45711;Datteln;Genthiner Str. 8;02363/1071;02363/107351;www.datteln.de;buergermeister@datteln.de;05562008;Münster
Delbrück;Mittlere kreisangehörige Stadt;Paderborn;Herrn;Bürgermeister;Werner;Peitz;33122;Postfach 1463;33129;Delbrück;Lange Str. 41;05250/9960;05250/996301;www.stadt-delbrueck.de;info@stadt-delbrueck.de;05774020;Detmold
Lippe;Kreis;;Herrn;Landrat;Dr. Axel;Lehmann;32710;Postfach 2053;32756;Detmold;Felix-Fechenbach-Str. 5;05231/62-0;05231/62-2151;www.lippe.de;info@lippe.de;05766000;Detmold
Detmold;Große kreisangehörige Stadt;Lippe;Herrn;Bürgermeister;Rainer;Heller;;;32756;Detmold;Marktplatz 5;05231/9770;05231/977299;www.detmold.de;info@detmold.de;05766020;Detmold
Dinslaken;Große kreisangehörige Stadt;Wesel;Herrn;Bürgermeister;Dr. Michael;Heidinger;46525;Postfach 100540;46535;Dinslaken;Platz d' Agen 1;02064/660;02064/66524;www.dinslaken.de;information@dinslaken.de;05170008;Düsseldorf
Dörentrup;kreisangehörige Gemeinde;Lippe;Herrn ;Bürgermeister;Friedrich;Ehlert;32690;Postfach 1154;32694;Dörentrup;Poststraße 11;05265/7390;05265/739196;www.doerentrup-lippe.de;info@doerentrup-lippe.de  ;05766024;Detmold
Dormagen;Große kreisangehörige Stadt;Rhein-Kreis Neuss;Herrn;Bürgermeister;Erik;Lierenfeld;41519;Postfach 100120;41539;Dormagen;Paul-Wierich-Platz 2;02133/2570;02133/25777000;www.dormagen.de;stadtverwaltung@stadt-dormagen.de;05162004;Düsseldorf
Dorsten;Große kreisangehörige Stadt;Recklinghausen;Herrn;Bürgermeister;Tobias;Stockhoff;46269;Postfach 210265;46284;Dorsten;Halterner Str. 5;02362/660;02362/663366;www.dorsten.de;buergermeisterbuero@dorsten.de;05562012;Münster
Dortmund;kreisfreie Stadt;;Herrn;Oberbürgermeister;Ullrich;Sierau;;;44135;Dortmund;Friedensplatz 1;0231/500;0231/5022877;www.dortmund.de;oberbuergermeister@dortmund.de;05913000;Arnsberg
Drensteinfurt;kreisangehörige Stadt;Warendorf;Herrn;Bürgermeister;Carsten;Grawunder;48310;Postfach 1260;48317;Drensteinfurt;Landsbergplatz 7;02508/9950;02508/995166;www.drensteinfurt.de;stadt@drensteinfurt.de;05570016;Münster
Drolshagen;kreisangehörige Stadt;Olpe;Herrn;Bürgermeister;Ulrich;Berghof;57485;Postfach 1363;57489;Drolshagen;Hagener Str. 9;02761/9700;02761/970200;www.drolshagen.de;rathaus@drolshagen.de;05966008;Arnsberg
Duisburg;kreisfreie Stadt;;Herrn;Oberbürgermeister;Sören;Link;;;47051;Duisburg;Burgplatz 19;0203/2830;0203/2832020;www.duisburg.de;oberbuergermeister@stadt-duisburg.de;05112000;Düsseldorf
Dülmen;Mittlere kreisangehörige Stadt;Coesfeld;Frau;Bürgermeisterin;Elisabeth;Stremlau;48236;Postfach 1551;48249;Dülmen;Markt 1-3;02594/120;02594/3135;www.duelmen.de;stadt@duelmen.de;05558016;Münster
Düren;Kreis;;Herrn;Landrat;Wolfgang;Spelthahn;;;52351;Düren;Bismarckstr. 16;02421/22-0;02421/222020;www.kreis-dueren.de;mail@kreis-dueren.de;05358000;Köln
Düren;Große kreisangehörige Stadt;Düren;Herrn;Bürgermeister;Paul;Larue;;;52349;Düren;Kaiserplatz 2-4;02421/250;02421/252251;www.dueren.de;stadt@dueren.de;05358008;Köln
Düsseldorf;kreisfreie Stadt;;Herrn;Oberbürgermeister;Thomas;Geisel;40002;Postfach 101120;40213;Düsseldorf;Marktplatz 1;0211/8991;0211/8929133;www.duesseldorf.de;rathausinfo@duesseldorf.de;05111000;Düsseldorf
Eitorf;kreisangehörige Gemeinde;Rhein-Sieg-Kreis;Herrn;Bürgermeister;Dr. Rüdiger;Storch;53774;Postfach 1164;53783;Eitorf;Markt 1;02243/890;02243/89179;www.eitorf.de;buergermeister@eitorf.de;05382016;Köln
Elsdorf;Mittlere kreisangehörige Stadt;Rhein-Erft-Kreis;Herrn;Bürgermeister;Andreas;Heller;50182;Postfach 1155;50189;Elsdorf;Gladbacher Str. 111;02274/709-0;02274/3511;www.elsdorf.de;buergermeister@elsdorf.de;05362016;Köln
Emmerich am Rhein;Mittlere kreisangehörige Stadt;Kleve;Herrn;Bürgermeister;Peter;Hinze;;;46446;Emmerich am Rhein;Geistmarkt 1;02822/750;02822/755000;www.emmerich-am-rhein.de;Stadtverwaltung@Stadt-Emmerich.de;05154008;Düsseldorf
Emsdetten;Mittlere kreisangehörige Stadt;Steinfurt;Herrn;Bürgermeister;Georg;Moenikes;48270;Postfach 1254;48282;Emsdetten;Am Markt 1;02572/9220;02572/922199;www.emsdetten.de;stadt@emsdetten.de;05566008;Münster
Engelskirchen;kreisangehörige Gemeinde;Oberbergischer Kreis;Herrn;Bürgermeister;Dr. Gero;Karthaus;51752;Postfach 1254/1255;51766;Engelskirchen;Engels-Platz 4;02263/830;02263/1610;www.engelskirchen.de;rathaus@gemeinde-engelskirchen.de;05374008;Köln
Enger;kreisangehörige Stadt;Herford;Herrn;Bürgermeister;Thomas;Meyer;32121;Postfach 120;32130;Enger;Bahnhofstr. 44;05224/98000;05224/980066;www.enger.de;info@enger.de;05758008;Detmold
Ennepetal;Mittlere kreisangehörige Stadt;Ennepe-Ruhr;Frau;Bürgermeisterin;Imke;Heymann;58244;Postfach 1543/1544;58256;Ennepetal;Bismarkstr. 21;02333/979-0;02333/979280;www.ennepetal.de;stadt@ennepetal.de;05954008;Arnsberg
Ennigerloh;kreisangehörige Stadt;Warendorf;Herrn;Bürgermeister;Berthold Anton;Lülf;59306;Postfach 1455;59320;Ennigerloh;Marktplatz 1;02524/280;02524/28496;www.ennigerloh.de;stadt@ennigerloh.de;05570020;Münster
Ense;kreisangehörige Gemeinde;Soest;Herrn;Bürgermeister;Hubert;Wegener;59463;Postfach 1040;59469;Ense;Am Spring 4;02938/9800;02938/4000;www.gemeinde-ense.de;info@gemeinde-ense.de;05974012;Arnsberg
Erftstadt;Mittlere kreisangehörige Stadt;Rhein-Erft-Kreis;Herrn;Bürgermeister;Volker;Erner;50359;Postfach 2565;50374;Erftstadt;Holzdamm 10;02235/409-0;02235/409505;www.erftstadt.de;buergermeister@erftstadt.de;05362020;Köln
Erkelenz;Mittlere kreisangehörige Stadt;Heinsberg;Herrn;Bürgermeister;Peter;Jansen;41801;Postfach 1129;41812;Erkelenz;Johannismarkt 17;02431/850;02431/70558;www.erkelenz.de;info@erkelenz.de;05370004;Köln
Erkrath;Mittlere kreisangehörige Stadt;Mettmann;Herrn;Bürgermeister;Christoph;Schultz;40671;Postfach 1154;40699;Erkrath;Bahnstr. 16;0211/24070;0211/24071033;www.erkrath.de;info@erkrath.de;05158004;Düsseldorf
Erndtebrück;kreisangehörige Gemeinde;Siegen-Wittgenstein;Herrn;Bürgermeister;Henning;Gronau;57335;Postfach 100120;57339;Erndtebrück;Talstr. 27;02753/6050;02753/605100;www.erndtebrueck.de;info@erndtebrueck.de;05970012;Arnsberg
Erwitte;kreisangehörige Stadt;Soest;Herrn;Bürgermeister;Peter;Wessel;59591;Postfach 1065;59597;Erwitte;Am Markt 13;02943/8960;02943/896370;www.erwitte.de;post@erwitte.de;05974016;Arnsberg
Eschweiler;Mittlere kreisangehörige Stadt;Städteregion Aachen;Herrn;Bürgermeister;Rudi;Bertram;52233;Postfach 1328;52249;Eschweiler;Johannes-Rau-Platz 1;02403/710;02403/71384;www.eschweiler.de;Stadtverwaltung@eschweiler.de;05334012;Köln
Eslohe (Sauerland);kreisangehörige Gemeinde;Hochsauerland;Herrn;Bürgermeister;Stephan;Kersting;59883;Postfach 1163;59889;Eslohe (Sauerland);Schultheißstr. 2;02973/8000;02973/800101;www.eslohe.de;post@eslohe.de;05958016;Arnsberg
Espelkamp;Mittlere kreisangehörige Stadt;Minden-Lübbecke;Herrn;Bürgermeister;Heinrich;Vieker;32329;Postfach 1520;32339;Espelkamp;Wilhelm-Kern-Platz 1;05772/5620;05772/8011;www.espelkamp.de;info@espelkamp.de;05770008;Detmold
Essen;kreisfreie Stadt;;Herrn;Oberbürgermeister;Thomas Markus;Kufen;;;45127;Essen;Porscheplatz 1;0201/880;0201/8888010;www.essen.de;info@essen.de;05113000;Düsseldorf
Euskirchen;Kreis;;Herrn;Landrat;Günter;Rosenke;;;53879;Euskirchen;Jülicher Ring 32;02251/15-0;02251/15666;www.kreis-euskirchen.de;mailbox@kreis-euskirchen.de;05366000;Köln
Euskirchen;Mittlere kreisangehörige Stadt;Euskirchen;Herrn;Bürgermeister;Dr. Uwe;Friedl;53861;Postfach 1169;53879;Euskirchen;Kölner Str. 75;02251/140;02251/14249;www.euskirchen.de;info@euskirchen.de;05366016;Köln
Everswinkel;kreisangehörige Gemeinde;Warendorf;Herrn;Bürgermeister;Sebastian;Seidel;48347;Postfach 1162;48351;Everswinkel;Am Magnusplatz 30;02582/880;02582/88511;www.everswinkel.de;gemeinde@everswinkel.de;05570024;Münster
Extertal;kreisangehörige Gemeinde;Lippe;Frau;Bürgermeisterin;Monika;Rehmert;32695;Postfach 1151;32699;Extertal;Mittelstr. 33;05262/4020;05262/402119;www.extertal.de;info@extertal.de;05766028;Detmold
Finnentrop;kreisangehörige Gemeinde;Olpe;Herrn;Bürgermeister;Dietmar;Heß;57402;Postfach 220;57413;Finnentrop;Am Markt 1;02721/5120;02721/6958;www.finnentrop.de;rathaus@finnentrop.de;05966012;Arnsberg
Frechen;Mittlere kreisangehörige Stadt;Rhein-Erft-Kreis;Frau;Bürgermeisterin;Susanne;Stupp;50209;Postfach 1960;50226;Frechen;Johann-Schmitz-Platz 1;02234/501-1;02234/501219;www.stadt-frechen.de;buergermeisterin@stadt-frechen.de;05362024;Köln
Freudenberg;kreisangehörige Stadt;Siegen-Wittgenstein;Frau;Bürgermeisterin;Nicole;Reschke;57251;Postfach 1120;57258;Freudenberg;Bahnhofstr. 18-20;02734/430;02734/43115;www.freudenberg-stadt.de;info@freudenberg-stadt.de;05970016;Arnsberg
Fröndenberg;kreisangehörige Stadt;Unna;Herrn;Bürgermeister;Friedrich-Wilhelm;Rebbe;58721;Postfach 1561;58730;Fröndenberg;Bahnhofstr. 2;02373/9760;02373/976295;www.froendenberg.de;stadt@froendenberg.de;05978012;Arnsberg
Gangelt;kreisangehörige Gemeinde;Heinsberg;Herrn;Bürgermeister;Bernhard;Tholen;52532;Postfach 1120;52538;Gangelt;Burgstr. 10;02454/5880;02454/2852;www.gangelt.de;info@gangelt.de;05370008;Köln
Geilenkirchen;Mittlere kreisangehörige Stadt;Heinsberg;Herrn;Bürgermeister;Georg;Schmitz;52502;Postfach 1269;52511;Geilenkirchen;Markt 9;02451/6290;02451/629200;www.geilenkirchen.de;stadt@geilenkirchen.de;05370012;Köln
Geldern;Mittlere kreisangehörige Stadt;Kleve;Herrn;Bürgermeister;Sven;Kaiser;47594;Postfach 1448;47608;Geldern;Issumer Tor 36;02831/3980;02831/398130;www.geldern.de;info@geldern.de;05154012;Düsseldorf
Gelsenkirchen;kreisfreie Stadt;;Herrn;Oberbürgermeister;Frank;Baranowski;;;45879;Gelsenkirchen;Ebertstraße 11;0209/1690;0209/1693530;www.gelsenkirchen.de;stadt@gelsenkirchen.de;05513000;Münster
Gescher;kreisangehörige Stadt;Borken;Herrn;Bürgermeister;Thomas;Kerkhoff;48706;Postfach 1361;48712;Gescher;Marktplatz 1;02542/600;02542/60123;www.gescher.de;info@gescher.de;05554016;Münster
Geseke;kreisangehörige Stadt;Soest;Herrn;Bürgermeister;Dr. Remco;van der Velden;59585;Postfach 1442;59590;Geseke;Martinsgasse 2;02942/5000;02942/50025;www.geseke.de;post@geseke.de;05974020;Arnsberg
Gevelsberg;Mittlere kreisangehörige Stadt;Ennepe-Ruhr;Herrn;Bürgermeister;Claus;Jacobi;58265;Postfach 2360;58285;Gevelsberg;Rathausplatz 1;02332/771-0;02332/771230;www.gevelsberg.de;Rathaus@stadtgevelsberg.de;05954012;Arnsberg
Gladbeck;Große kreisangehörige Stadt;Recklinghausen;Herrn;Bürgermeister;Ulrich;Roland;45956;Postfach 629;45964;Gladbeck;Willy-Brandt-Platz 2;02043/990;02043/991111;www.gladbeck.de;rathaus@stadt-gladbeck.de;05562014;Münster
Goch;Mittlere kreisangehörige Stadt;Kleve;Herrn;Bürgermeister;Ulrich;Knickrehm;47565;Postfach 100551;47574;Goch;Markt2;02823/3200;02823/320236;www.goch.de;info@goch.de;05154016;Düsseldorf
Grefrath;kreisangehörige Gemeinde;Viersen;Herrn;Bürgermeister;Manfred;Lommetz;47920;Postfach 101164;47929;Grefrath;Rathausplatz 3;02158/40800;02158/4080888;www.grefrath.de;info@grefrath.de;05166008;Düsseldorf
Greven;Mittlere kreisangehörige Stadt;Steinfurt;Herrn;Bürgermeister;Peter;Vennemeyer;48255;Postfach 1664;48268;Greven;Rathausstr. 6;02571/9200;02571/920320;www.greven.net;info@stadt-greven.de;05566012;Münster
Grevenbroich;Große kreisangehörige Stadt;Rhein-Kreis Neuss;Herrn;Bürgermeister;Klaus;Krützen;41490;Postfach 100662;41515;Grevenbroich;Am Markt 1;02181/6080;02181/608202;www.grevenbroich.de;presseamt@grevenbroich.de;05162008;Düsseldorf
Gronau (Westf.);Mittlere kreisangehörige Stadt;Borken;Frau;Bürgermeisterin;Sonja;Jürgens;48579;Postfach 1848;48599;Gronau (Westf.);Konrad-Adenauer-Str. 1;02562/120;02562/12200;www.gronau.de;info@gronau.de;05554020;Münster
Oberbergischer Kreis;Kreis;;Herrn;Landrat;Jochen;Hagt;51605;Postfach 100555;51643;Gummersbach;Moltkestr. 42;02261/880;02261/881033;www.oberbergischer-kreis.de;mail@obk.de;05374000;Köln
Gummersbach;Mittlere kreisangehörige Stadt;Oberbergischer Kreis;Herrn;Bürgermeister;Frank;Helmenstein;51608;Postfach 100852;51643;Gummersbach;Rathausplatz 1;02261/870;02261/87600;www.gummersbach.de;rathaus@stadt-gummersbach.de;05374012;Köln
Gütersloh;Kreis;;Herrn;Landrat;Sven-Georg;Adenauer;33373;Postfach 1820;33334;Gütersloh;Herzebrocker Str. 140;05241/850;05241/854000;www.kreis-guetersloh.de;kreisverwaltung@gt-net.de;05754000;Detmold
Gütersloh;Große kreisangehörige Stadt;Gütersloh;Herrn;Bürgermeister;Henning;Schulz;33326;Postfach 2955;33330;Gütersloh;Berliner Str. 70;05241/821;05241/822044;www.guetersloh.de;guetersloh@gt-net.de;05754008;Detmold
Haan;Mittlere kreisangehörige Stadt;Mettmann;Frau;Bürgermeisterin;Dr. Bettina;Warnecke;42760;Postfach 1665;42781;Haan;Kaiserstr. 85;02129/911100;02129/911102;www.haan.de;Buergermeister@stadt-haan.de;05158008;Düsseldorf
Hagen;kreisfreie Stadt;;Herrn;Oberbürgermeister;Erik O.;Schulz;58042;Postfach 4249;58095;Hagen;Rathausstraße 11;02331/2070;02331/2072400;www.hagen.de/web/de/hagen_de/home.html;stadtverwaltung@stadt-hagen.de;05914000;Arnsberg
Halle (Westf.);kreisangehörige Stadt;Gütersloh;Frau;Bürgermeisterin;Anne-Elisabeth;Rodenbrock-Wesselmann;33780;Postfach 1563/64;33790;Halle (Westf.);Ravensberger Str. 1;05201/1830;05201/183110;www.hallewestfalen.de;hallewestfalen@gt-net.de;05754012;Detmold
Hallenberg;kreisangehörige Stadt;Hochsauerland;Herrn;Bürgermeister;Michael;Kronauge;59965;Postfach 1155;59969;Hallenberg;Rathausplatz 1;02984/3030;02984/30331;www.stadt-hallenberg.de;post@stadt-hallenberg.de;05958020;Arnsberg
Haltern am See;Mittlere kreisangehörige Stadt;Recklinghausen;Herrn;Bürgermeister;Bodo;Klimpel;45712;Postfach 84;45721;Haltern am See;Dr.-Conrads-Str. 1;02364/9330;02364/933111;www.haltern.de;stadtverwaltung@haltern.de;05562016;Münster
Halver;kreisangehörige Stadt;Märkischer Kreis;Herrn;Bürgermeister;Michael;Brosch;58544;Postfach 1453;58553;Halver;Thomasstr. 18;02353/730;02353/73116;www.halver.de;post@halver.de;05962012;Arnsberg
Hamm;kreisfreie Stadt;;Herrn;Oberbürgermeister;Thomas;Hunsteger-Petermann;59061;Postfach 2449;59065;Hamm;Theodor-Heuss-Platz 16;02381/171;02381/172971;www.hamm.de;info@stadt.hamm.de;05915000;Arnsberg
Hamminkeln;Mittlere kreisangehörige Stadt;Wesel;Herrn;Bürgermeister;Bernd;Romanski;46493;Postfach 1261;46499;Hamminkeln;Brüner Straße 9;02852/880;02852/88130;www.hamminkeln.de;info@hamminkeln.de;05170012;Düsseldorf
Harsewinkel;kreisangehörige Stadt;Gütersloh;Frau;Bürgermeisterin;Sabine;Amsbeck-Dopheide;33419;Postfach 1420;33428;Harsewinkel;Münsterstr. 14;05247/9350;05247/935170;www.harsewinkel.de;harsewinkel@gt-net.de;05754016;Detmold
Hattingen;Mittlere kreisangehörige Stadt;Ennepe-Ruhr;Herrn;Bürgermeister;Dirk;Glaser;45504;Postfach 800456;45525;Hattingen;Rathausplatz 1;02324/204-0;02324/2042204;www.hattingen.de;info@hattingen.de;05954016;Arnsberg
Havixbeck;kreisangehörige Gemeinde;Coesfeld;Herrn;Bürgermeister;Klaus;Gromöller;48325;Postfach 1145;48329;Havixbeck;Willi-Richter-Platz 1;02507/330;02507/3880;www.havixbeck.de;gemeinde@havixbeck.de;05558020;Münster
Heek;kreisangehörige Gemeinde;Borken;Herrn;Bürgermeister;Franz-Josef;Weilinghoff;48613;Postfach 1180;48619;Heek;Bahnhofstr. 60;02568/93000;02568/930040;www.heek.de;info@heek.de;05554024;Münster
Heiden;kreisangehörige Gemeinde;Borken;Herrn;Bürgermeister;Hans-Jürgen;Benson;46355;Postfach 1161;46359;Heiden;Rathausplatz 1;02867/9770;02867/977244;www.heiden.de;info@heiden.de;05554028;Münster
Heiligenhaus;Mittlere kreisangehörige Stadt;Mettmann;Herrn;Bürgermeister;NN;NN;42570;Postfach 100553;42579;Heiligenhaus;Hauptstr. 157;02056/130;02056/13395;www.heiligenhaus.de;info@heiligenhaus.de;05158012;Düsseldorf
Heimbach;kreisangehörige Stadt;Düren;Herrn;Bürgermeister;Peter;Cremer;;;52396;Heimbach;Hengebachstr. 14;02446/8080;02446/80888;www.heimbach-eifel.de;buergermeister@heimbach-eifel.de;05358012;Köln
Heinsberg;Kreis;;Herrn;Landrat;Stephan;Pusch;52517;Postfach 1380;52525;Heinsberg;Valkenburger Straße 45;02452/13-0;02452/131100;www.kreis-heinsberg.de;info@kreis-heinsberg.de;05370000;Köln
Heinsberg;Mittlere kreisangehörige Stadt;Heinsberg;Herrn;Bürgermeister;Wolfgang;Dieder;52516;Postfach 1220;52525;Heinsberg;Apfelstr. 60;02452/140;02452/14260;www.heinsberg.de;stadt@heinsberg.de;05370016;Köln
Hellenthal;kreisangehörige Gemeinde;Euskirchen;Herrn;Bürgermeister;Rudolf;Westerburg;53938;Postfach 46;53940;Hellenthal;Rathausstr. 2;02482/850;02482/85114;www.hellenthal.de;gemeinde@hellenthal.de;05366020;Köln
Hemer;Mittlere kreisangehörige Stadt;Märkischer Kreis;Herrn;Bürgermeister;Michael;Heilmann;58651;Postfach 1161;58675;Hemer;Hademareplatz 44;02372/551;02372/55300;www.hemer.de;post@hemer.de;05962016;Arnsberg
Hennef (Sieg);Mittlere kreisangehörige Stadt;Rhein-Sieg-Kreis;Herrn;Bürgermeister;Klaus;Pipke;53762;Postfach 1562;53773;Hennef (Sieg);Frankfurter Str. 97;02242/8880;02242/888111;www.hennef.de;info@hennef.de;05382020;Köln
Herdecke;Mittlere kreisangehörige Stadt;Ennepe-Ruhr;Frau;Bürgermeisterin;Dr. Katja;Strauss-Köster;58311;Postfach 1561;58313;Herdecke;Kirchplatz 3;02330/611-0;02330/12614;www.herdecke.de;stadtverwaltung@herdecke.de;05954020;Arnsberg
Herford;Kreis;;Herrn;Landrat;Jürgen;Müller;33819;Postfach 1103;32051;Herford;Amtshausstr. 3;05221/13-0;05221/13-1902;www.kreis-herford.de;info@kreis-herford.de;05758000;Detmold
Herford;Große kreisangehörige Stadt;Herford;Herrn;Bürgermeister;Tim;Kähler;32018;Postfach 2843;32052;Herford;Rathausplatz1;05221/1890;05221/189690;www.herford.de;info@herford.de;05758012;Detmold
Herne;kreisfreie Stadt;;Herrn;Oberbürgermeister;Dr. Frank;Dudda;44608;Postfach 101820;44621;Herne;Friedrich-Ebert-Platz 2;02323/160;02323/162100;www.herne.de;info@herne.de;05916000;Arnsberg
Herscheid;kreisangehörige Gemeinde;Märkischer Kreis;Herrn;Bürgermeister;Uwe;Schmalenbach;58845;Postfach 60;58849;Herscheid;Plettenberger Str. 27;02357/90930;02357/909350;www.herscheid.de;post@herscheid.de;05962020;Arnsberg
Herten;Große kreisangehörige Stadt;Recklinghausen;Herrn;Bürgermeister;Fred;Toplak;;;45699;Herten;Kurt-Schumacher-Str. 2;02366/3030;02366/303255;www.herten.de;stadtverwaltung@herten.de;05562020;Münster
Herzebrock-Clarholz;kreisangehörige Gemeinde;Gütersloh;Herrn;Bürgermeister;Marco;Diethelm;33434;Postfach 1263;33442;Herzebrock-Clarholz;Am Rathaus 1;05245/4440;05245/444-101;www.herzebrock-clarholz.de;herzebrock-clarholz@gt-net.de;05754020;Detmold
Herzogenrath;Mittlere kreisangehörige Stadt;Städteregion Aachen;Herrn;Bürgermeister;Christoph ;von den Driesch;52112;Postfach 1280;52134;Herzogenrath;Rathausplatz 1;02406/830;02406/12954;www.herzogenrath.de;pressestelle@herzogenrath.de;05334016;Köln
Hiddenhausen;kreisangehörige Gemeinde;Herford;Herrn;Bürgermeister;Ulrich;Rolfsmeyer;32110;Postfach 1263;32120;Hiddenhausen;Rathausstr. 1;05221/9640;05221/964480;www.hiddenhausen.de;info@hiddenhausen.de;05758016;Detmold
Hilchenbach;kreisangehörige Stadt;Siegen-Wittgenstein;Herrn;Bürgermeister;Holger;Menzel;57261;Postfach 1360;57271;Hilchenbach;Markt 13;02733/2880;02733/288288;www.hilchenbach.de;info@hilchenbach.de;05970020;Arnsberg
Hilden;Mittlere kreisangehörige Stadt;Mettmann;Frau;Bürgermeisterin;Birgit;Alkenings;40708;Postfach 880;40721;Hilden;Am Rathaus 1;02103/720;02103/72601;www.hilden.de;info@hilden.de;05158016;Düsseldorf
Hille;kreisangehörige Gemeinde;Minden-Lübbecke;Herrn;Bürgermeister;Michael;Schweiß;32475;Postfach 6020;32479;Hille;Am Rathaus 4;0571/40440;0571/4044400;www.hille.de;info@hille.de;05770012;Detmold
Holzwickede;kreisangehörige Gemeinde;Unna;Frau;Bürgermeisterin;Ulrike Maria;Drossel;59435;Postfach 1220;59439;Holzwickede;Allee 5;02301/9150;02301/13332;www.holzwickede.de;info@holzwickede.de;05978016;Arnsberg
Hopsten;kreisangehörige Gemeinde;Steinfurt;Herrn;Bürgermeister;Winfried;Pohlmann;48494;Postfach 45;48496;Hopsten;Bunte Str. 35;05458/93250;05458/932593;www.hopsten.de;info@hopsten.de;05566020;Münster
Horn-Bad Meinberg;kreisangehörige Stadt;Lippe;Herrn;Bürgermeister;Stefan;Rother;32793;Postfach 1261;32805;Horn-Bad Meinberg;Rathausplatz 4;05234/2010;05234/201222;www.horn-badmeinberg.de;info@horn-badmeinberg.de;05766032;Detmold
Hörstel;kreisangehörige Stadt;Steinfurt;Herrn;Bürgermeister;David;Ostholthoff;48469;Postfach 2063;48477;Hörstel;Kalixtusstr. 6;05454/9110;05454/911102;www.hoerstel.de;stadt@hoerstel.de;05566016;Münster
Horstmar;kreisangehörige Stadt;Steinfurt;Herrn;Bürgermeister;Robert;Wenking;48608;Postfach 6;48612;Horstmar;Kirchplatz 1-3;02558/790;02558/7931;www.horstmar.de;stadt@horstmar.de;05566024;Münster
Hövelhof;kreisangehörige Gemeinde;Paderborn;Herrn;Bürgermeister;Michael;Berens;33155;Postfach 1162;33161;Hövelhof;Schloßstr. 14;05257/50090;05257/500931;www.hoevelhof.de;buergermeister@hoevelhof.de;05774024;Detmold
Höxter;Kreis;;Herrn;Landrat;Friedhelm;Spieker;;;37671;Höxter;Moltkestr. 12;05271/9650;05271/37926;www.kreis-hoexter.de;info@kreis-hoexter.de;05762000;Detmold
Höxter;Mittlere kreisangehörige Stadt;Höxter;Herrn;Bürgermeister;Alexander;Fischer;37669;Postfach 100640;37671;Höxter;Westerbachstr. 45;05271/9630;05271/963125;www.hoexter.de;info@hoexter.de;05762020;Detmold
Hückelhoven;Mittlere kreisangehörige Stadt;Heinsberg;Herrn;Bürgermeister;Bernd Karl Heinz;Jansen;41825;Postfach 1360;41836;Hückelhoven;Parkhofstr. 76;02433/820;02433/82265;www.hueckelhoven.de;info@hueckelhoven.de;05370020;Köln
Hückeswagen;kreisangehörige Stadt;Oberbergischer Kreis;Herrn;Bürgermeister;Dietmar;Persian;42491;Postfach 100262;42499;Hückeswagen;Auf'm Schloß 1;02192/880;02192/88288;www.hueckeswagen.de;info@stadt-hueckeswagen.de;05374016;Köln
Hüllhorst;kreisangehörige Gemeinde;Minden-Lübbecke;Herrn;Bürgermeister;Bernd;Rührup;32603;Postfach 1155;32609;Hüllhorst;Löhner Str. 1;05744/93150;05744/931570;www.huellhorst.de;info@huellhorst.de;05770016;Detmold
Hünxe;kreisangehörige Gemeinde;Wesel;Herrn;Bürgermeister;Dirk;Buschmann;46563;Postfach 1163;46569;Hünxe;Dorstener Str. 24;02858/690;02858/69222;www.huenxe.de;info@huenxe.de;05170016;Düsseldorf
Hürtgenwald;kreisangehörige Gemeinde;Düren;Herrn;Bürgermeister;Axel;Buch;;;52393;Hürtgenwald;August-Scholl-Str. 5;02429/3090;02429/30970;www.huertgenwald.de;buergermeister@huertgenwald.de;05358016;Köln
Hürth;Mittlere kreisangehörige Stadt;Rhein-Erft-Kreis;Herrn;Bürgermeister;Dirk;Breuer;;;50354;Hürth;Friedrich-Ebert-Str. 40;02233/53-0;02233/53147;www.huerth.de;rathaus@huerth.de;05362028;Köln
Ibbenbüren;Mittlere kreisangehörige Stadt;Steinfurt;Herrn;Bürgermeister;Dr. Marc;Schrameyer;49465;Postfach 1565;49477;Ibbenbüren;Alte Münsterstr. 16;05451/9310;05451/931198;www.ibbenbueren.de;info@ibbenbueren.de;05566028;Münster
Inden;kreisangehörige Gemeinde;Düren;Herrn;Bürgermeister;Jörn;Langefeld;52458;Postfach 1140;52459;Inden;Rathausstr. 1;02465/390;02465/3980;www.gemeinde-inden.de;info@gemeinde-inden.de;05358020;Köln
Iserlohn;Große kreisangehörige Stadt;Märkischer Kreis;Herrn;Bürgermeister;Dr. Peter Paul;Ahrens;58594;Postfach 2462;58636;Iserlohn;Schillerplatz 7;02371/2170;02371/2172990;www.iserlohn.de;iserlohn@iserlohn.de;05962024;Arnsberg
Isselburg;kreisangehörige Stadt;Borken;Herrn;Bürgermeister;Rudolf;Geukes;46415;Postfach 1161;46419;Isselburg;Minervastr. 12;02874/9110;02874/91120;www.isselburg.de;stadt@isselburg.de;05554032;Münster
Issum;kreisangehörige Gemeinde;Kleve;Herrn;Bürgermeister;Clemens;Brüx;47653;Postfach 1163;47661;Issum;Herrlichkeit 7-9;02835/100;02835/1010;www.issum.de;info@issum.de;05154020;Düsseldorf
Jüchen;kreisangehörige Gemeinde;Rhein-Kreis Neuss;Herrn;Bürgermeister;Harald;Zillikens;41353;Postfach 1101;41363;Jüchen;Am Rathaus 5;02165/9150;02165/915118;www.juechen.de;gemeinde@Juechen.de;05162012;Düsseldorf
Jülich;Mittlere kreisangehörige Stadt;Düren;Herrn;Bürgermeister;Axel;Fuchs;52411;Postfach 1220;52428;Jülich;Große Rurstr. 17;02461/630;02461/63362;www.juelich.de;info@juelich.de;05358024;Köln
Kaarst;Mittlere kreisangehörige Stadt;Rhein-Kreis Neuss;Frau;Bürgermeisterin;Dr. Ulrike;Nienhaus;41544;Postfach 101265;41564;Kaarst;Am Neumarkt 2;02131/9870;02131/987400;www.kaarst.de;info@kaarst.de;05162016;Düsseldorf
Kalkar;kreisangehörige Stadt;Kleve;Frau;Bürgermeisterin;Dr. Britta;Schulz;47538;Postfach 1165;47546;Kalkar;Markt 20;02824/130;02824/13234;www.kalkar.de;info@kalkar.de;05154024;Düsseldorf
Kall;kreisangehörige Gemeinde;Euskirchen;Herrn;Bürgermeister;Herbert;Radermacher;53921;Postfach 160;53925;Kall;Bahnhofstr. 9;02441/8880;02441/88848;www.kall.de;buergermeister@kall.de;05366024;Köln
Kalletal;kreisangehörige Gemeinde;Lippe;Herrn;Bürgermeister;Mario;Hecker;32684;Postfach 1144;32689;Kalletal;Rintelner Str. 3;05264/6440;05264/644100;www.kalletal.de;info@kalletal.de;05766036;Detmold
Kamen;Mittlere kreisangehörige Stadt;Unna;Herrn;Bürgermeister;Hermann;Hupe;59158;Postfach 1580;59174;Kamen;Rathausplatz 1;02307/1480;02307/1489000;www.stadt-kamen.de;rathaus@stadt-kamen.de;05978020;Arnsberg
Kamp-Lintfort;Mittlere kreisangehörige Stadt;Wesel;Herrn;Bürgermeister;Prof. Dr. Christoph;Landscheidt;47462;Postfach 1760;47475;Kamp-Lintfort;Am Rathaus 2;02842/9120;02842/912367;www.kamp-lintfort.de;info@kamp-lintfort.de;05170020;Düsseldorf
Kempen;Mittlere kreisangehörige Stadt;Viersen;Herrn;Bürgermeister;Volker;Rübo;47884;Postfach 100720;47906;Kempen;Buttermarkt 1;02152/9170;02152/917370;www.kempen.de;rathaus@kempen.de;05166012;Düsseldorf
Kerken;kreisangehörige Gemeinde;Kleve;Herrn;Bürgermeister;Dirk;Möcking;47639;Postfach 1164;47647;Kerken;Dionysiusplatz 4;02833/9220;02833/922123;www.kerken.de;info@kerken.de;05154028;Düsseldorf
Kerpen;Große kreisangehörige Stadt;Rhein-Erft-Kreis;Herrn;Bürgermeister;Dieter;Spürck;50151;Postfach 2109;50171;Kerpen;Jahnplatz 1;02237/58-0;02237/58102;www.stadt-kerpen.de;buergermeister@stadt-kerpen.de;05362032;Köln
Kevelaer;Mittlere kreisangehörige Stadt;Kleve;Herrn;Bürgermeister;Dr. Dominik;Pichler;47612;Postfach 75;47623;Kevelaer;Peter-Plümpe-Platz 12;02832/1220;02832/122720;www.kevelaer.de;info@stadt-kevelaer.de;05154032;Düsseldorf
Kierspe;kreisangehörige Stadt;Märkischer Kreis;Herrn;Bürgermeister;Frank;Emde;58556;Postfach 1344;58566;Kierspe;Springerweg 21;02359/6610;02359/661199;www.kierspe.de;post@kierspe.de;05962028;Arnsberg
Kirchhundem;kreisangehörige Gemeinde;Olpe;Herrn;Bürgermeister;Andreas ;Reinéry;57393;Postfach 1040;57399;Kirchhundem;Hundemstr. 35;02723/4090;02723/40955;www.kirchhundem.de;post@Kirchhundem.de ;05966016;Arnsberg
Kirchlengern;kreisangehörige Gemeinde;Herford;Herrn;Bürgermeister;Rüdiger;Meier;32268;Postfach 1180;32278;Kirchlengern;Am Rathaus 2;05223/75730;05223/757319;www.kirchlengern.de;info@kirchlengern.de;05758020;Detmold
Kleve;Kreis;;Herrn;Landrat;Wolfgang;Spreen;47515;Postfach 1507;47533;Kleve;Nassauer Allee 15-23;02821/850;02821/85500;www.kreis-kleve.de;info@kreis-kleve.de;05154000;Düsseldorf
Kleve;Mittlere kreisangehörige Stadt;Kleve;Frau;Bürgermeisterin;Sonja;Northing;47517;Postfach 1960;47533;Kleve;Kavarinerstr. 20-22;02821/840;02821/23759;www.kleve.de;stadt-kleve@kleve.de;05154036;Düsseldorf
Köln;kreisfreie Stadt;;Frau;Oberbürgermeisterin;Henriette;Reker;50475;Postfach 103564;50667;Köln;Rathaus;0221/221-0;0221/2212211;www.stadt-koeln.de;stadtverwaltung@stadt-koeln.de;05315000;Köln
Königswinter;Mittlere kreisangehörige Stadt;Rhein-Sieg-Kreis;Herrn;Bürgermeister;Franz Peter;Wirtz;53621;Postfach 1105;53639;Königswinter;Drachenfelsstr. 3-9;02244/8890;02244/889378;www.koenigswinter.de;stadtverwaltung@koenigswinter.de;05382024;Köln
Korschenbroich;Mittlere kreisangehörige Stadt;Rhein-Kreis Neuss;Herrn;Bürgermeister;Marc;Venten;41335;Postfach 1163;41352;Korschenbroich;Sebastianusstr. 1;02161/6130;02161/613108;www.korschenbroich.de;stadt@korschenbroich.de;05162020;Düsseldorf
Kranenburg;kreisangehörige Gemeinde;Kleve;Herrn;Bürgermeister;Günter;Steins;47552;Postfach 1162;47559;Kranenburg;Klever Str. 4;02826/790;02826/7977;www.kranenburg.de;rathaus@kranenburg.de;05154040;Düsseldorf
Krefeld;kreisfreie Stadt;;Herrn;Oberbürgermeister;Frank;Meyer;47727;Postfach 2740;47798;Krefeld;Von-der-Leyen-Platz 1;02151/86-0;02151/753081;www.krefeld.de;stadtservice@krefeld.de;05114000;Düsseldorf
Kreuzau;kreisangehörige Gemeinde;Düren;Herrn;Bürgermeister;Ingo;Eßer;52368;Postfach 1128;52372;Kreuzau;Bahnhofstr. 7;02422/5070;02422/507160;www.kreuzau.de;buergermeister@kreuzau.de;05358028;Köln
Kreuztal;Mittlere kreisangehörige Stadt;Siegen-Wittgenstein;Herrn;Bürgermeister;Walter;Kiß;57207;Postfach 1660;57223;Kreuztal;Siegener Str. 5;02732/510;02732/4534;www.kreuztal.de;stadt.kreuztal@kreuztal.de;05970024;Arnsberg
Kürten;kreisangehörige Gemeinde;Rheinisch-Bergischer Kreis;Herrn;Bürgermeister;Willi;Heider;51508;Postfach 1160;51515;Kürten;Marktfeld 1;02268/9390;02268/939140;www.kuerten.de;gemeinde@kuerten.de;05378012;Köln
Ladbergen;kreisangehörige Gemeinde;Steinfurt;Herrn;Bürgermeister;Udo;Decker-König;49546;Postfach 1148/1153;49549;Ladbergen;Jahnstr.5;05485/810;05485/8144;www.ladbergen.de;info@ladbergen.de;05566032;Münster
Laer;kreisangehörige Gemeinde;Steinfurt;Herrn;Bürgermeister;Peter;Maier;48362;Postfach 40;48366;Laer;Mühlenhoek 1;02554/9100;02554/91070;www.laer.de;rathaus@laer.de;05566036;Münster
Lage;Mittlere kreisangehörige Stadt;Lippe;Herrn;Bürgermeister;Christian;Liebrecht;32778;Postfach 1970/1980;32791;Lage;Lange Str. 72;05232/6010;05232/601-444;www.lage.de;epost@stadtlage.de;05766040;Detmold
Langenberg;kreisangehörige Gemeinde;Gütersloh;Frau;Bürgermeisterin;Susanne;Mittag;33443;Postfach 1120;33449;Langenberg;Klutenbrinkstr. 5;05248/5080;05248/50860;www.langenberg.de;langenberg@gt-net.de;05754024;Detmold
Langenfeld (Rhld.);Mittlere kreisangehörige Stadt;Mettmann;Herrn;Bürgermeister;Frank;Schneider;40740;Postfach 1565;40764;Langenfeld (Rhld.);Konrad-Adenauer-Platz 1;02173/7940;02173/79499999;www.langenfeld.de;info@langenfeld.de;05158020;Düsseldorf
Langerwehe;kreisangehörige Gemeinde;Düren;Herrn;Bürgermeister;Heinrich;Göbbels;52374;Postfach 1240;52379;Langerwehe;Schönthaler Str. 4;02423/4090;02423/1040;www.langerwehe.de;gemeinde@langerwehe.de;05358032;Köln
Legden;kreisangehörige Gemeinde;Borken;Herrn;Bürgermeister;Friedhelm;Kleweken;48735;Postfach 1129;48739;Legden;Amtshausstr. 1;02566/9100;02566/910222;www.legden.de;gemeinde@legden.de;05554036;Münster
Leichlingen (Rhld.);Mittlere kreisangehörige Stadt;Rheinisch-Bergischer Kreis;Herrn;Bürgermeister;Frank;Steffes;42787;Postfach 1665;42799;Leichlingen (Rhld.);Am Büscherhof 1;02175/9920;02175/992175;www.leichlingen.de;info@leichlingen.de;05378016;Köln
Lemgo;Mittlere kreisangehörige Stadt;Lippe;Herrn;Bürgermeister;Dr. Reiner;Austermann;;;32657;Lemgo;Marktplatz 1;05261/2130;05261/213215;www.lemgo.de;info@lemgo.de;05766044;Detmold
Lengerich;kreisangehörige Stadt;Steinfurt;Herrn;Bürgermeister;Wilhelm;Möhrke;49515;Postfach 1540;49525;Lengerich;Tecklenburger Str. 2-4;05481/330;05481/33199;www.lengerich.de;info@lengerich.de;05566040;Münster
Lennestadt;Mittlere kreisangehörige Stadt;Olpe;Herrn;Bürgermeister;Stefan;Hundt;57342;Postfach 1263;57368;Lennestadt;Thomas-Morus-Platz 1;02723/6080;02723/608119;www.lennestadt.de;Rathaus@lennestadt.de;05966020;Arnsberg
Leopoldshöhe;kreisangehörige Gemeinde;Lippe;Herrn;Bürgermeister;Gerhard;Schemmel;33814;Postfach 1152;33818;Leopoldshöhe;Kirchweg 1;05208/9910;05208/991111;www.leopoldshoehe.de;info@leopoldshoehe.de;05766048;Detmold
Leverkusen;kreisfreie Stadt;;Herrn;Oberbürgermeister;Uwe;Richrath;51311;Postfach 101140;51373;Leverkusen;Friedrich-Ebert-Platz 1;0214/406-0;0214/4061172;www.leverkusen.de;postmaster@stadt.leverkusen.de;05316000;Köln
Lichtenau;kreisangehörige Stadt;Paderborn;Herrn;Bürgermeister;Josef;Hartmann;33162;Postfach 1144;33165;Lichtenau;Lange Str. 39;05295/890;05295/8970;www.lichtenau.de;buergermeister@lichtenau.de;05774028;Detmold
Lienen;kreisangehörige Gemeinde;Steinfurt;Herrn;Bürgermeister;Arne Erwin;Strietelmeier;49530;Postfach 1264;49536;Lienen;Hauptstr. 14;05483/73960;05483/739659;www.lienen.de;info@lienen.de;05566044;Münster
Lindlar;kreisangehörige Gemeinde;Oberbergischer Kreis;Herrn;Bürgermeister;Dr. Georg;Ludwig;51779;Postfach 1120;51789;Lindlar;Borromäusstr. 1;02266/960;02266/8867;www.lindlar.de;info@gemeinde-lindlar.de;05374020;Köln
Linnich;kreisangehörige Stadt;Düren;Frau;Bürgermeisterin;Marion Christine;Schunck-Zenker;52438;Postfach 1227;52441;Linnich;Rurdorfer Str. 64;02462/99080;02462/9908900;www.linnich.de;mail@linnich.de;05358036;Köln
Lippetal;kreisangehörige Gemeinde;Soest;Herrn;Bürgermeister;Matthias;Lürbke;;;59510;Lippetal;Bahnhofstr. 7;02923/9800;02923/980232;www.lippetal.de;post@lippetal.de;05974024;Arnsberg
Lippstadt;Große kreisangehörige Stadt;Soest;Herrn;Bürgermeister;Christof;Sommer;59535;Postfach 2540;59555;Lippstadt;Ostwall 1;02941/9800;02941/78111;www.lippstadt.de;post@stadt-lippstadt.de;05974028;Arnsberg
Lohmar;Mittlere kreisangehörige Stadt;Rhein-Sieg-Kreis;Herrn;Bürgermeister;Horst;Krybus;53785;Postfach 1209;53797;Lohmar;Rathausstr. 4;02246/150;02246/15200;www.lohmar.de;rathaus@lohmar.de;05382028;Köln
Löhne;Mittlere kreisangehörige Stadt;Herford;Herrn;Bürgermeister;Bernd;Poggemöller;32557;Postfach 1455;32584;Löhne;Oeynhausener Str. 41;05732/1000;05732/100309;www.loehne.de;info@loehne.de;05758024;Detmold
Lotte;kreisangehörige Gemeinde;Steinfurt;Herrn;Bürgermeister;Rainer;Lammers;49498;Postfach 1162;49504;Lotte;Westerkappelner Str. 19;05404/8890;05404/88950;www.lotte.de;info@lotte.de;05566048;Münster
Lübbecke;Mittlere kreisangehörige Stadt;Minden-Lübbecke;Herrn;Bürgermeister;Frank;Haberbosch;32294;Postfach 1453;32312;Lübbecke;Kreishausstr. 4;05741/2760;05741/90561;www.luebbecke.de;info@luebbecke.de;05770020;Detmold
Märkischer Kreis;Kreis;;Herrn;Landrat;Thomas;Gemke;58505;Postfach 2080;58509;Lüdenscheid;Heedfelder Str. 45;02351/96660;02351/6866;www.maerkischer-kreis.de;zentrale-dienste@maerkischer-kreis.de;05962000;Arnsberg
Lüdenscheid;Große kreisangehörige Stadt;Märkischer Kreis;Herrn;Bürgermeister;Dieter;Dzewas;58505;Postfach 2740;58507;Lüdenscheid;Rathausplatz 2;02351/170;02351/171700;www.luedenscheid.de;post@luedenscheid.de;05962032;Arnsberg
Lüdinghausen;kreisangehörige Stadt;Coesfeld;Herrn;Bürgermeister;Richard;Borgmann;59335;Postfach 1531;59348;Lüdinghausen;Borg 2;02591/9260;02591/926177;www.luedinghausen.de;verwaltung@stadt-luedinghausen.de;05558024;Münster
Lügde;kreisangehörige Stadt;Lippe;Herrn;Bürgermeister;Heinz;Reker;32670;Postfach 1352;32676;Lügde;Am Markt 1;05281/77080;05281/79645;www.luegde.de;info@luegde.de;05766052;Detmold
Lünen;Große kreisangehörige Stadt;Unna;Herrn;Bürgermeister;Jürgen;Kleine-Frauns;44510;Postfach 2030/2040;44532;Lünen;Willy-Brand-Platz 1;02306/1040;02306/1041460;www.luenen.de;info@luenen.de;05978024;Arnsberg
Marienheide;kreisangehörige Gemeinde;Oberbergischer Kreis;Herrn;Bürgermeister;Stefan;Meisenberg;51704;Postfach 1220;51709;Marienheide;Hauptstr. 20;02264/40440;02264/4044261;www.marienheide.de;info@gemeinde-marienheide.de;05374024;Köln
Marienmünster;kreisangehörige Stadt;Höxter;Herrn;Bürgermeister;Robert;Klocke;37692;Postfach 1154;37696;Marienmünster;Schulstr. 1;05276/98980;05276/989890;www.marienmuenster.de;info@marienmuenster.de;05762024;Detmold
Marl;Große kreisangehörige Stadt;Recklinghausen;Herrn;Bürgermeister;Werner;Arndt;;;45768;Marl;Creiler Platz 1;02365/990;02365/992740;www.marl.de;info@marl.de;05562024;Münster
Marsberg;kreisangehörige Stadt;Hochsauerland;Herrn;Bürgermeister;Klaus;Hülsenbeck;34419;Postfach 1341;34431;Marsberg;Lillers-Str. 8;02992/6021;02992/602202;www.marsberg.de;info@marsberg.de;05958024;Arnsberg
Mechernich;Mittlere kreisangehörige Stadt;Euskirchen;Herrn;Bürgermeister;Dr. Hans-Peter;Schick;53887;Postfach 1265;53894;Mechernich;Bergstr. 1;02443/490;02443/49199;www.mechernich.de;info@mechernich.de;05366028;Köln
Meckenheim;Mittlere kreisangehörige Stadt;Rhein-Sieg-Kreis;Herrn;Bürgermeister;Bert;Spilles;53333;Postfach 1180;53340;Meckenheim;Bahnhofstr. 22;02225/9170;02225/917100;www.meckenheim.de;stadt.meckenheim@meckenheim.de;05382032;Köln
Medebach;kreisangehörige Stadt;Hochsauerland;Herrn;Bürgermeister;Thomas;Grosche;59961;Postfach 1360;59964;Medebach;Österstraße 1;02982/4000;02982/40033;www.medebach.de;post@medebach.de;05958028;Arnsberg
Meerbusch;Mittlere kreisangehörige Stadt;Rhein-Kreis Neuss;Frau;Bürgermeisterin;Angelika;Mielke-Westerlage;40641;Postfach 1664;40667;Meerbusch;Moerser Str. 28;02132/9160;02132/916320;www.meerbusch.de;service@meerbusch.de;05162022;Düsseldorf
Meinerzhagen;kreisangehörige Stadt;Märkischer Kreis;Herrn;Bürgermeister;Jan;Nesselrath;58531;Postfach 1563;58540;Meinerzhagen;Bahnhofstr. 9-13;02354/770;02354/77220;www.meinerzhagen.de;post@meinerzhagen.de;05962036;Arnsberg
Menden (Sauerland);Mittlere kreisangehörige Stadt;Märkischer Kreis;Herrn;Bürgermeister;Martin;Wächter;58688;Postfach 660;58706;Menden (Sauerland);Neumarkt 5;02373/9030;02373/903386;www.menden.de;info@menden.de;05962040;Arnsberg
Merzenich;kreisangehörige Gemeinde;Düren;Herrn;Bürgermeister;Georg;Gelhausen;;;52399;Merzenich;Valdersweg 1;02421/3990;02421/399299;www.gemeinde-merzenich.de;buergermeister@gemeinde-merzenich.de;05358040;Köln
Hochsauerlandkreis;Kreis;;Herrn;Landrat;Dr. Karl;Schneider;;;59872;Meschede;Steinstr. 27;0291/940;0291/941140;www.hochsauerlandkreis.de;post@hochsauerlandkreis.de;05958000;Arnsberg
Meschede;Mittlere kreisangehörige Stadt;Hochsauerland;Herrn;Bürgermeister;Christoph;Weber;;;59872;Meschede;Franz-Stahlmecke-Platz 2;0291/2050;0291/205300;www.meschede.de;post@meschede.de;05958032;Arnsberg
Metelen;kreisangehörige Gemeinde;Steinfurt;Herrn;Bürgermeister;Gregor;Krabbe;48625;Postfach 1160;48629;Metelen;Sendplatz 18;02556/890;02556/8944;www.metelen.de;info@metelen.de;05566052;Münster
Mettingen;kreisangehörige Gemeinde;Steinfurt;Frau;Bürgermeisterin;Christina;Rählmann;49493;Postfach 1160;49497;Mettingen;Markt 6-8;05452/520;05452/5218;www.mettingen.de;info@mettingen.de;05566056;Münster
Mettmann;Kreis;;Herrn;Landrat;Thomas;Hendele;40806;Postfach 100607;40822;Mettmann;Düsseldorfer Str. 26;02104/990;02104/994444;www.kreis-mettmann.de;kme@kreis-mettmann.de;05158000;Düsseldorf
Mettmann;Mittlere kreisangehörige Stadt;Mettmann;Herrn;Bürgermeister;Thomas Gerd;Dinkelmann;40813;Postfach 300158;40822;Mettmann;Neanderstr. 85;02104/9800;02104/980169;www.mettmann.de;buergermeister@mettmann.de;05158024;Düsseldorf
Minden-Lübbecke;Kreis;;Herrn;Landrat;Dr. Ralf;Niermann;32382;Postfach 2580;32423;Minden;Portastr. 13;0571/8070;0571/8072700;www.minden-luebbecke.de;info@minden-luebbecke.de;05770000;Detmold
Minden;Große kreisangehörige Stadt;Minden-Lübbecke;Herrn;Bürgermeister;Michael;Jäcke;32387;Postfach 3080;32423;Minden;Kleiner Domhof 17;0571/890;0571/89401;www.minden.de;info@Minden.de;05770024;Detmold
Moers;Große kreisangehörige Stadt;Wesel;Herrn;Bürgermeister;Christoph;Fleischhauer;47411;Postfach 102120;47441;Moers;Meerstr. 2;02841/2010;02841/201888;www.moers.de;info@moers.de;05170024;Düsseldorf
Möhnesee;kreisangehörige Gemeinde;Soest;Herrn;Bürgermeister;Hans;Dicke;59515;Postfach 47;59519;Möhnesee;Hauptstr. 19;02924/9810;02924/981141;www.moehnesee.de;gemeinde@moehnesee.de;05974032;Arnsberg
Mönchengladbach;kreisfreie Stadt;;Herrn;Oberbürgermeister;Hans Wilhelm;Reiners;;;41061;Mönchengladbach;Weiherstraße 21;02161/250;02161/252579;www.moenchengladbach.de;post@moenchengladbach.de;05116000;Düsseldorf
Monheim am Rhein;Mittlere kreisangehörige Stadt;Mettmann;Herrn;Bürgermeister;Daniel;Zimmermann;40770;Postfach 100661;40789;Monheim;Rathausplatz 2;02173/9519;02173/951899;www.monheim.de;info@monheim.de;05158026;Düsseldorf
Monschau;kreisangehörige Stadt;Städteregion Aachen;Frau;Bürgermeisterin;Margareta;Ritter;52153;Postfach 80;52156;Monschau;Laufenstr. 84;02472/811;02472/81220;www.monschau.de;stadtverwaltung@monschau.de;05334020;Köln
Morsbach;kreisangehörige Gemeinde;Oberbergischer Kreis;Herrn;Bürgermeister;Jörg;Bukowski;51589;Postfach 1153;51597;Morsbach;Bahnhofstr. 2;02294/6990;02294/699187;www.morsbach.de;rathaus@gemeinde-morsbach.de;05374028;Köln
Much;kreisangehörige Gemeinde;Rhein-Sieg-Kreis;Herrn;Bürgermeister;Norbert;Büscher;53798;Postfach 1120;53804;Much;Hauptstr. 57;02245/680;02245/6850;www.much.de;buergerhotline@much.de;05382036;Köln
Mülheim an der Ruhr;kreisfreie Stadt;;Herrn;Oberbürgermeister;Ulrich;Scholten;;;45468;Mülheim an der Ruhr;Am Rathaus 1;0208/4550;0208/4559999;www.muelheim-ruhr.de;info@muelheim-ruhr.de;05117000;Düsseldorf
Münster;kreisfreie Stadt;;Herrn;Oberbürgermeister;Markus;Lewe;;;48127;Münster;Klemensstraße 10;0251/4920;0251/4927700;www.muenster.de;stadtverwaltung@stadt-muenster.de;05515000;Münster
Nachrodt-Wiblingwerde;kreisangehörige Gemeinde;Märkischer Kreis;Frau;Bürgermeisterin;Birgit;Tupat;58766;Postfach 1103;58769;Nachrodt-Wiblingwerde;Hagener Str. 76;02352/93830;02352/938350;www.nachrodt-wiblingwerde.de;post@nachrodt-wiblingwerde.de;05962044;Arnsberg
Netphen;Mittlere kreisangehörige Stadt;Siegen-Wittgenstein;Herrn;Bürgermeister;Paul Otto;Wagener;57235;Postfach 1155;57250;Netphen;Amtsstr. 2;02738/6030;02738/603125;www.netphen.de;stadt@netphen.de;05970032;Arnsberg
Nettersheim;kreisangehörige Gemeinde;Euskirchen;Herrn;Bürgermeister;Wilfried;Pracht;;;53947;Nettersheim;Krausstr. 2;02486/780;02486/7878;www.nettersheim.de;buergermeister@nettersheim.de;05366032;Köln
Nettetal;Mittlere kreisangehörige Stadt;Viersen;Herrn;Bürgermeister;Christian;Wagner;41304;Postfach 1462;41334;Nettetal;Doerkesplatz 11;02153/8980;02153/898898;www.nettetal.de;stadtnettetal@nettetal.de;05166016;Düsseldorf
Neuenkirchen;kreisangehörige Gemeinde;Steinfurt;Herrn;Bürgermeister;Franz;Möllering;48481;Postfach 5;48485;Neuenkirchen;Hauptstr. 16;05973/9260;05973/92680;www.neuenkirchen.de;gemeinde@neuenkirchen.de;05566060;Münster
Neuenrade;kreisangehörige Stadt;Märkischer Kreis;Herrn;Bürgermeister;Antonius;Wiesemann;58805;Postfach 1340;58809;Neuenrade;Alte Burg 1;02392/6930;02392/69348;www.neuenrade.de;post@neuenrade.de;05962048;Arnsberg
Neukirchen-Vluyn;Mittlere kreisangehörige Stadt;Wesel;Herrn;Bürgermeister;Harald;Lenßen;;;47506;Neukirchen-Vluyn;Hans-Böckler-Str. 26;02845/3910;02845/391100;www.neukirchen-vluyn.de;info@neukirchen-vluyn.de;05170028;Düsseldorf
Neunkirchen;kreisangehörige Gemeinde;Siegen-Wittgenstein;Herrn;Bürgermeister;Bernhard;Baumann;57274;Postfach 1360;57290;Neunkirchen;Bahnhofstr. 3;02735/7670;02735/5342;www.neunkirchen-siegerland.de;info@neunkirchen-siegerland.de;05970036;Arnsberg
Neunkirchen-Seelscheid;kreisangehörige Gemeinde;Rhein-Sieg-Kreis;Frau;Bürgermeisterin;Nicole;Sander;53810;Postfach 1120;53819;Neunkirchen-Seelscheid;Hauptstr. 78;02247/3030;02247/30370;www.neunkirchen-seelscheid.de;gemeinde@neunkirchen-seelscheid.de;05382040;Köln
Neuss;Große kreisangehörige Stadt;Rhein-Kreis Neuss;Herrn;Bürgermeister;Reiner Dieter;Breuer;;;41460;Neuss;Markt 2;02131/9001;02131/902488;www.neuss.de;stadtverwaltung@neuss.de;05162024;Düsseldorf
Rhein-Kreis Neuss;Kreis;;Herrn;Landrat;Hans-Jürgen;Petrauschke;;;41460;Neuss;Oberstraße 91;02181/6010;02181/6012330;www.rhein-kreis-neuss.de;info@rhein-kreis-neuss.de;05162000;Düsseldorf
Nideggen;kreisangehörige Stadt;Düren;Herrn;Bürgermeister;Marco;Schmunkamp;52383;Postfach 61;52385;Nideggen;Zülpicher Str. 1;02427/8090;02427/80947;www.nideggen.de;buergermeisterin@nideggen.de;05358044;Köln
Niederkassel;Mittlere kreisangehörige Stadt;Rhein-Sieg-Kreis;Herrn;Bürgermeister;Stephan;Vehreschild;53853;Postfach 1220;53859;Niederkassel;Rathausstr. 19;02208/94660;02208/946629;www.niederkassel.de;rathaus@niederkassel.de;05382044;Köln
Niederkrüchten;kreisangehörige Gemeinde;Viersen;Herrn;Bürgermeister;Karl-Heinz;Wassong;41367;Postfach 1180;41372;Niederkrüchten;Laurentiusstr. 19;02163/9800;02163/980111;www.niederkruechten.de;info@niederkruechten.de;05166020;Düsseldorf
Niederzier;kreisangehörige Gemeinde;Düren;Herrn;Bürgermeister;Hermann;Heuser;52380;Postfach 1120;52382;Niederzier;Rathausstr. 8;02428/840;02428/84150;www.niederzier.de;gemeinde@niederzier.de;05358048;Köln
Nieheim;kreisangehörige Stadt;Höxter;Herrn;Bürgermeister;Rainer;Vidal Garcia;33035;Postfach 1163;33039;Nieheim;Marktstr. 28;05274/9820;05274/982200;www.nieheim.de;info@nieheim.de;05762028;Detmold
Nordkirchen;kreisangehörige Gemeinde;Coesfeld;Herrn;Bürgermeister;Dietmar;Bergmann;59389;Postfach 1280;59394;Nordkirchen;Bohlenstr. 2;02596/9170;02596/917139;www.nordkirchen.de;gemeinde@nordkirchen.de;05558028;Münster
Nordwalde;kreisangehörige Gemeinde;Steinfurt;Frau;Bürgermeisterin;Sonja;Schemmann;48352;Postfach 1153;48356;Nordwalde;Bahnhofstr. 2;02573/9290;02573/929150;www.nordwalde.de;gemeinde@nordwalde.de;05566064;Münster
Nörvenich;kreisangehörige Gemeinde;Düren;Herrn;Bürgermeister;Dr. Timo;Czech;52386;Postfach 9;52388;Nörvenich;Bahnhofstr. 25;02426/1010;02426/10137;www.noervenich.de;info@noervenich.de;05358052;Köln
Nottuln;kreisangehörige Gemeinde;Coesfeld;Frau;Bürgermeisterin;Manuela;Mahnke;48292;Postfach 1140;48301;Nottuln;Stiftsplatz 7-8;02502/9420;02502/942222;www.nottuln.de;info@nottuln.de;05558032;Münster
Nümbrecht;kreisangehörige Gemeinde;Oberbergischer Kreis;Herrn;Bürgermeister;Hilko;Redenius;51581;Postfach 1120;51588;Nümbrecht;Hauptstr. 16;02293/3020;02293/2901;www.nuembrecht.de;gemeinde.nuembrecht@nuembrecht.de;05374032;Köln
Oberhausen;kreisfreie Stadt;;Herrn;Oberbürgermeister;Daniel;Schranz;46015;Postfach 101505;46045;Oberhausen;Schwartzstr. 72;0208/8251;0208/8252755;www.oberhausen.de;info@oberhausen.de;05119000;Düsseldorf
Ochtrup;kreisangehörige Stadt;Steinfurt;Herrn;Bürgermeister;Kai;Hutzenlaub;48602;Postfach 1364;48607;Ochtrup;Prof.-Gärtner-Str. 10;02553/730;02553/73-200;www.ochtrup.de;post@ochtrup.de;05566068;Münster
Odenthal;kreisangehörige Gemeinde;Rheinisch-Bergischer Kreis;Herrn;Bürgermeister;Robert;Lennerts;51516;Postfach 1131;51519;Odenthal;Altenberger-Dom-Str. 29-31;02202/7100;02202/78777;www.odenthal.de;post@odenthal.de;05378020;Köln
Oelde;Mittlere kreisangehörige Stadt;Warendorf;Herrn;Bürgermeister;Karl-Friedrich;Knop;59285;Postfach 3640;59302;Oelde;Ratsstiege 1;02522/720;02522/72460;www.oelde.de;online@oelde.de;05570028;Münster
Oer-Erkenschwick;Mittlere kreisangehörige Stadt;Recklinghausen;Herrn;Bürgermeister;Carsten;Wewers;45734;Postfach 1340;45739;Oer-Erkenschwick;Rathausplatz 1;02368/6910;02368/691298;www.Oer-Erkenschwick.de;rathaus@Oer-Erkenschwick.de;05562028;Münster
Oerlinghausen;kreisangehörige Stadt;Lippe;Herrn;Bürgermeister;Dirk;Becker;33806;Postfach 1344;33813;Oerlinghausen;Hauptstr. 14a;05202/4930;05202/49393;www.oerlinghausen.de;info@oerlinghausen.de;05766056;Detmold
Olfen;kreisangehörige Stadt;Coesfeld;Herrn;Bürgermeister;Wilhelm;Sendermann;59396;Postfach 135;59399;Olfen;Kirchstr. 5;02595/389-0;02595/389-292;www.olfen.de;info@olfen.de;05558036;Münster
Olpe;Kreis;;Herrn;Landrat;Frank Werner;Beckehoff;57445;Postfach 1560;57462;Olpe;Danziger Str. 2;02761/810;02761/81343;www.kreis-olpe.de;info@kreis-olpe.de;05966000;Arnsberg
Olpe;Mittlere kreisangehörige Stadt;Olpe;Herrn;Bürgermeister;Peter;Weber;57449;Postfach 1920;57462;Olpe;Franziskanerstr. 6;02761/830;02761/831330;www.olpe.de;rathaus@olpe.de;05966024;Arnsberg
Olsberg;kreisangehörige Stadt;Hochsauerland;Herrn;Bürgermeister;Wolfgang;Fischer;59933;Postfach 1462;59939;Olsberg;Bigger Platz 6;02962/9820;02962/982226;www.olsberg.de;post@olsberg.de;05958036;Arnsberg
Ostbevern;kreisangehörige Gemeinde;Warendorf;Herrn;Bürgermeister;Wolfgang Alois;Annen;48342;Postfach 1165;48346;Ostbevern;Hauptstr. 24;02532/820;02532/8246;www.ostbevern.de;gemeinde@ostbevern.de;05570032;Münster
Overath;Mittlere kreisangehörige Stadt;Rheinisch-Bergischer Kreis;Herrn;Bürgermeister;Jörg;Weigt;51484;Postfach 1380;51491;Overath;Hauptstr. 25;02206/6020;02206/602193;www.overath.de;post@overath.de;05378024;Köln
Paderborn;Kreis;;Herrn;Landrat;Manfred;Müller;33049;Postfach 1940;33102;Paderborn;Aldegreverstraße 10-14;05251/3080;05251/308444;www.kreis-paderborn.de;info@kreis-paderborn.de;05774000;Detmold
Paderborn;Große kreisangehörige Stadt;Paderborn;Herrn;Bürgermeister;Michael;Dreier;;;33098;Paderborn;Am Abdinghof 11;05251/88-0;05251/88-2000;www.paderborn.de;info@paderborn.de;05774032;Detmold
Petershagen;Mittlere kreisangehörige Stadt;Minden-Lübbecke;Herrn;Bürgermeister;Dieter;Blume;32458;Postfach 1120;32469;Petershagen;Bahnhofstr. 63;05702/8220;05702/822298;www.petershagen.de;info@petershagen.de;05770028;Detmold
Plettenberg;Mittlere kreisangehörige Stadt;Märkischer Kreis;Herrn;Bürgermeister;Ulrich;Schulte;58815;Postfach 1560 /1580;58840;Plettenberg;Grüne Str. 12;02391/9230;02391/923128;www.plettenberg.de;post@plettenberg.de;05962052;Arnsberg
Porta Westfalica;Mittlere kreisangehörige Stadt;Minden-Lübbecke;Herrn;Bürgermeister;Bernd;Hedtmann;32440;Postfach 1463;32457;Porta Westfalica;Kempstr. 1;0571/7910;0571/791277;www.portawestfalica.de;info@portawestfalica.de;05770032;Detmold
Preußisch Oldendorf;kreisangehörige Stadt;Minden-Lübbecke;Herrn;Bürgermeister;Marko;Steiner;32353;Postfach 1260;32361;Preußisch Oldendorf;Rathausstr. 3+5;05742/93110;05742/5680;www.preussischoldendorf.de;info@preussischoldendorf.de;05770036;Detmold
Pulheim;Mittlere kreisangehörige Stadt;Rhein-Erft-Kreis;Herrn;Bürgermeister;Frank;Keppeler;50241;Postfach 1345;50259;Pulheim;Alte Kölner Str. 26;02238/808-0;02238/808345;www.pulheim.de;stadtpulheim@pulheim.de;05362036;Köln
Radevormwald;Mittlere kreisangehörige Stadt;Oberbergischer Kreis;Herrn;Bürgermeister;Johannes;Mans;42465;Postfach 1640;42477;Radevormwald;Hohenfuhrstr. 13;02195/6060;02195/606116;www.radevormwald.net;stadt@radevormwald.de;05374036;Köln
Raesfeld;kreisangehörige Gemeinde;Borken;Herrn;Bürgermeister;Andreas;Grotendorst;46343;Postfach 1140;46348;Raesfeld;Weseler Str. 19;02865/9550;02865/955199;www.raesfeld.de;rathaus@raesfeld.de;05554040;Münster
Rahden (Westf.);kreisangehörige Stadt;Minden-Lübbecke;Herrn;Bürgermeister;Dr. Bert;Honsel;32362;Postfach 129;32369;Rahden (Westf.);Lange Str. 9;05771/730;05771/7350;www.rahden.de;info@rahden.de;05770040;Detmold
Ratingen;Große kreisangehörige Stadt;Mettmann;Herrn;Bürgermeister;Klaus Konrad;Pesch;40837;Postfach 101740;40878;Ratingen;Minoritenstr. 2-6;02102/5500;02102/5509250;www.ratingen.de;stadt@ratingen.de;05158028;Düsseldorf
Recke;kreisangehörige Gemeinde;Steinfurt;Herrn;Bürgermeister;Eckhard;Kellermeier;49506;Postfach 1252;49509;Recke;Hauptstr. 28;05453/9100;05453/91011;www.recke.de;info@recke.de;05566072;Münster
Recklinghausen;Kreis;;Herrn;Landrat;Cay;Süberkrüb;;;45657;Recklinghausen;Kurt-Schumacher-Allee 1;02361/530;02361/533291;www.kreis-recklinghausen.de;info@kreis-recklinghausen.de;05562000;Münster
Recklinghausen;Große kreisangehörige Stadt;Recklinghausen;Herrn;Bürgermeister;Christoph;Tesche;45617;Postfach 101765;45657;Recklinghausen;Rathausplatz 3-4;02361/500;02361/501234;www.recklinghausen.de;stadtverwaltung@recklinghausen.de;05562032;Münster
Rees;kreisangehörige Stadt;Kleve;Herrn;Bürgermeister;Christoph;Gerwers;46452;Postfach 1362;46459;Rees;Markt 1;02851/510;02851/5125;www.stadt-rees.de;info@stadt-rees.de;05154044;Düsseldorf
Reichshof;kreisangehörige Gemeinde;Oberbergischer Kreis;Herrn;Bürgermeister;Rüdiger;Gennies;51571;Postfach 1160;51580;Reichshof;Hauptstr. 12;02296/8010;02296/801395;www.reichshof.de;info@reichshof.de;05374040;Köln
Reken;kreisangehörige Gemeinde;Borken;Herrn;Bürgermeister;Manuel;Deitert;48728;Postfach 1151;48734;Reken;Kirchstr. 14;02864/94401;02864/944299;www.reken.de;info@reken.de;05554044;Münster
Remscheid;kreisfreie Stadt;;Herrn;Oberbürgermeister;Burkhard;Mast-Weisz;;;42853;Remscheid;Theodor-Heuss-Platz 1;02191/1600;02191/162748;www.remscheid.de;remscheid@str.de;05120000;Düsseldorf
Rheda-Wiedenbrück;Mittlere kreisangehörige Stadt;Gütersloh;Herrn;Bürgermeister;Theo;Mettenborg;33375;Postfach 2309;33378;Rheda-Wiedenbrück;Rathausplatz 13;05242/9630;05242/963222;www.rheda-wiedenbrueck.de;rheda-wiedenbrueck@gt-net.de;05754028;Detmold
Rhede;kreisangehörige Stadt;Borken;Herrn;Bürgermeister;Jürgen;Bernsmann;46406;Postfach 64;46414;Rhede;Rathausplatz 9;02872/9300;02872/930450;www.rhede.de;info@rhede.de;05554048;Münster
Rheinbach;Mittlere kreisangehörige Stadt;Rhein-Sieg-Kreis;Herrn;Bürgermeister;Stefan;Raetz;53348;Postfach 1128;53359;Rheinbach;Schweigelstr. 23;02226/9170;02226/917117;www.rheinbach.de;infothek@stadt-rheinbach.de;05382048;Köln
Rheinberg;Mittlere kreisangehörige Stadt;Wesel;Herrn;Bürgermeister;Frank;Tatzel;47479;Postfach 101463;47495;Rheinberg;Kirchplatz 10;02843/1710;02843/171480;www.rheinberg.de;stadtverwaltung@rheinberg.de;05170032;Düsseldorf
Rheine;Große kreisangehörige Stadt;Steinfurt;Herrn;Bürgermeister;Dr. Peter;Lüttmann;48410;Postfach 2063;48431;Rheine;Klosterstr. 14;05971/9390;05971/939233;www.rheine.de;stadt@rheine.de;05566076;Münster
Rheurdt;kreisangehörige Gemeinde;Kleve;Herrn;Bürgermeister;Klaus;Kleinenkuhnen;47507;Postfach 1120;47509;Rheurdt;Rathausstr. 35;02845/96330;02845/963313;www.rheurdt.de;info@rheurdt.de;05154048;Düsseldorf
Rietberg;Mittlere kreisangehörige Stadt;Gütersloh;Herrn;Bürgermeister;Andreas;Sunder;33393;Postfach 2364;33397;Rietberg;Rügenstr. 1;05244/9860;05244/986400;www.rietberg.de;info@stadt-rietberg.de;05754032;Detmold
Rödinghausen;kreisangehörige Gemeinde;Herford;Herrn;Bürgermeister;Ernst-Wilhelm;Vortmeyer;32285;Postfach 3110;32289;Rödinghausen;Heerstr. 2;05746/9480;05746/948105;www.roedinghausen.de;info@roedinghausen.de;05758028;Detmold
Roetgen;kreisangehörige Gemeinde;Städteregion Aachen;Herrn;Bürgermeister;Jorma;Klauss;52157;Postfach 1152;52159;Roetgen;Hauptstr. 55;02471/180;02471/1889;www.roetgen.de;gemeinde@roetgen.de;05334024;Köln
Rommerskirchen;kreisangehörige Gemeinde;Rhein-Kreis Neuss;Herrn;Bürgermeister;Martin Peter;Mertens;41565;Postfach 101160;41569;Rommerskirchen;Bahnstr. 51;02183/8000;02183/80027;www.rommerskirchen.de;info@rommerskirchen.de;05162028;Düsseldorf
Rosendahl;kreisangehörige Gemeinde;Coesfeld;Herrn;Bürgermeister;Christoph;Gottheil;48713;Postfach 1109;48720;Rosendahl;Hauptstr. 30;02547/770;02547/77199;www.rosendahl.de;info@rosendahl.de;05558040;Münster
Rösrath;Mittlere kreisangehörige Stadt;Rheinisch-Bergischer Kreis;Herrn;Bürgermeister;Marcus Maria;Mombauer;51492;Postfach 1120;51503;Rösrath;Hauptstr. 229;02205/8020;02205/802131;www.roesrath.de;infoStadt@roesrath.de;05378028;Köln
Ruppichteroth;kreisangehörige Gemeinde;Rhein-Sieg-Kreis;Herrn;Bürgermeister;Mario;Loskill;;;53809;Ruppichteroth;Rathausstr. 18;02295/490;02295/4939;www.ruppichteroth.de;rathaus@ruppichteroth.de;05382052;Köln
Rüthen;kreisangehörige Stadt;Soest;Herrn;Bürgermeister;Peter Josef;Weiken;59598;Postfach 1026;59602;Rüthen;Hochstr. 14;02952/8180;02952/818170;www.ruethen.de;post@ruethen.de;05974036;Arnsberg
Saerbeck;kreisangehörige Gemeinde;Steinfurt;Herrn;Bürgermeister;Wilfried;Roos;48367;Postfach 53;48369;Saerbeck;Ferriéres-Str. 11;02574/890;02574/8950;www.saerbeck.de;info@saerbeck.de;05566080;Münster
Salzkotten;kreisangehörige Stadt;Paderborn;Herrn;Bürgermeister;Ulrich;Berger;33146;Postfach 1562;33154;Salzkotten;Marktstr. 8;05258/5070;05258/50727;www.salzkotten.de;stadtverwaltung@salzkotten.de;05774036;Detmold
Sankt Augustin;Mittlere kreisangehörige Stadt;Rhein-Sieg-Kreis;Herrn;Bürgermeister;Klaus;Schumacher;53734;Postfach 1665;53757;Sankt Augustin;Markt 1;02241/2430;02241/243430;www.sankt-augustin.de;bmbuero@sankt-augustin.de;05382056;Köln
Sassenberg;kreisangehörige Stadt;Warendorf;Herrn;Bürgermeister;Josef;Uphoff;48331;Postfach 1240;48336;Sassenberg;Schürenstr. 17;02583/3090;02583/30988;www.sassenberg.de;stadt@sassenberg.de;05570036;Münster
Schalksmühle;kreisangehörige Gemeinde;Märkischer Kreis;Herrn;Bürgermeister;Jörg;Schönenberg;58568;Postfach 1245;58579;Schalksmühle;Rathausplatz 1;02355/840;02355/84299;www.schalksmuehle.de;post@schalksmuehle.de;05962056;Arnsberg
Schermbeck;kreisangehörige Gemeinde;Wesel;Herrn;Bürgermeister;Mike;Rexforth ;46510;Postfach 1140;46514;Schermbeck;Weseler Str. 2;02853/9100;02853/910119;www.schermbeck.de;info@schermbeck.de;05170036;Düsseldorf
Schieder-Schwalenberg;kreisangehörige Stadt;Lippe;Herrn;Bürgermeister;Jörg;Bierwirth;32807;Postfach 1265;32816;Schieder-Schwalenberg;Domäne 3;05282/6010;05282/60135;www.schieder-schwalenberg.de;info@schieder-schwalenberg.de;05766060;Detmold
Schlangen;kreisangehörige Gemeinde;Lippe;Herrn;Bürgermeister;Ulrich;Knorr;33185;Postfach 1140;33189;Schlangen;Kirchplatz 5-6;05252/9810;05252/974211;www.gemeinde-schlangen.de;info@gemeinde-schlangen.de;05766064;Detmold
Schleiden;kreisangehörige Stadt;Euskirchen;Herrn;Bürgermeister;Udo;Meister;53932;Postfach 2165;53937;Schleiden;Blankenheimer Str. 2-4;02445/890;02445/89250;www.schleiden.de;rathaus@schleiden.de;05366036;Köln
Schloß Holte-Stukenbrock;Mittlere kreisangehörige Stadt;Gütersloh;Herrn;Bürgermeister;Hubert;Erichlandwehr;33748;Postfach 1160;33758;Schloß Holte-Stukenbrock;Rathausstr. 2;05207/89050;05207/8905541; www.schloss-holte-stukenbrock.de ;schlossholte-stukenbrock@gt-net.de ;05754036;Detmold
Schmallenberg;Mittlere kreisangehörige Stadt;Hochsauerland;Herrn;Bürgermeister;Bernhard;Halbe;57376;Postfach 1140;57392;Schmallenberg;Unterm Werth 1;02972/9800;02972/980480;www.schmallenberg.de;info@schmallenberg.de;05958040;Arnsberg
Schöppingen;kreisangehörige Gemeinde;Borken;Herrn;Bürgermeister;Franz-Josef;Franzbach;48620;Postfach 1107;48624;Schöppingen;Amtsstr. 17;02555/880;02555/8811;www.schoeppingen.de;gemeinde@schoeppingen.de;05554052;Münster
Schwalmtal;kreisangehörige Gemeinde;Viersen;Herrn;Bürgermeister;Michael;Pesch;41364;Postfach 60;41366;Schwalmtal;Markt 20;02163/9460;02163/946154;www.schwalmtal.de;info@gemeinde-schwalmtal.de;05166024;Düsseldorf
Ennepe-Ruhr-Kreis;Kreis;;Herrn;Landrat;Olaf;Schade;58317;Postfach 420;58332;Schwelm;Hauptstr. 92;02336/93-0;02336/932222;www.ennepe-ruhr-kreis.de;verwaltung@en-kreis.de;05954000;Arnsberg
Schwelm;Mittlere kreisangehörige Stadt;Ennepe-Ruhr;Frau;Bürgermeisterin;Gabriele;Grollmann;58320;Postfach 740;58332;Schwelm;Hauptstr. 14;02336/801-1;02336/801370;www.schwelm.de;info@schwelm.de;05954024;Arnsberg
Schwerte;Mittlere kreisangehörige Stadt;Unna;Herrn;Bürgermeister;Heinrich Hermann;Böckelühr;58212;Postfach 1729;58239;Schwerte;Rathausstr. 31;02304/1040;02304/104303;www.schwerte.de;info@stadt-schwerte.de;05978028;Arnsberg
Selfkant;kreisangehörige Gemeinde;Heinsberg;Herrn;Bürgermeister;Herbert;Corsten;52539;Postfach 1315;52538;Selfkant;Am Rathaus 13;02456/4990;02456/3828;www.selfkant.de;info@selfkant.de;05370024;Köln
Selm;Mittlere kreisangehörige Stadt;Unna;Herrn;Bürgermeister;Mario;Löhr;59373;Postfach 88/89;59379;Selm;Adenauerplatz 2;02592/690;02592/69100;www.selm.de;info@stadtselm.de;05978032;Arnsberg
Senden;kreisangehörige Gemeinde;Coesfeld;Herrn;Bürgermeister;Sebastian;Täger;48303;Postfach 1251;48308;Senden;Münsterstr. 30;02597/6990;02597/699222;www.senden-westf.de;info@senden-westf.de;05558044;Münster
Sendenhorst;kreisangehörige Stadt;Warendorf;Herrn;Bürgermeister;Berthold Friedrich;Streffing;48319;Postfach 1261;48324;Sendenhorst;Kirchstr. 1;02526/3030;02526/303100;www.sendenhorst.de;mail@sendenhorst.de;05570040;Münster
Rhein-Sieg-Kreis;Kreis;;Herrn;Landrat;Sebastian;Schuster;53705;Postfach 1551;53721;Siegburg;Kaiser-Wilhelm-Platz 1;02241/131;02241/132179;www.rhein-sieg-kreis.de;kreisverwaltung@rhein-sieg-kreis.de;05382000;Köln
Siegburg;Mittlere kreisangehörige Stadt;Rhein-Sieg-Kreis;Herrn;Bürgermeister;Franz;Huhn;;;53721;Siegburg;Nogenter Platz 10;02241/1020;02241/102284;www.siegburg.de;rathaus@siegburg.de;05382060;Köln
Siegen-Wittgenstein;Kreis;;Herrn;Landrat;Andreas;Müller;;;57072;Siegen;Koblenzer Str.73;0271/3330;0271/3332500;www.siegen-wittgenstein.de;post@siegen-wittgenstein.de;05970000;Arnsberg
Siegen;Große kreisangehörige Stadt;Siegen-Wittgenstein;Herrn;Bürgermeister;Steffen;Mues;57003;Postfach 100352;57072;Siegen;Markt 2;0271/4040;0271/21684;www.siegen.de;info@siegen.de;05970040;Arnsberg
Simmerath;kreisangehörige Gemeinde;Städteregion Aachen;Herrn;Bürgermeister;Karl-Heinz;Hermanns;;;52152;Simmerath;Rathausplatz;02473/6070;02473/607100;www.simmerath.de;gemeinde@simmerath.de;05334028;Köln
Soest;Kreis;;Frau;Landrätin;Eva;Irrgang;59477;Postfach 1752;59494;Soest;Hoher Weg 1-3;02921/300;02921/302945;www.kreis-soest.de;buergerservice@kreis-soest.de;05974000;Arnsberg
Soest;Mittlere kreisangehörige Stadt;Soest;Herrn;Bürgermeister;Dr. Eckhard Josef;Ruthemeyer;59482;Postfach 2252;59494;Soest;Am Vreithof 8;02921/1030;02921/103423;www.soest.de;post@soest.de;05974040;Arnsberg
Solingen;kreisfreie Stadt;;Herrn;Oberbürgermeister;Tim-Oliver;Kurzbach;42648;Postfach 100165;42651;Solingen;Rathausplatz 1;0212/2900;0212/2902109;www.solingen.de;stadtinfo@solingen.de;05122000;Düsseldorf
Sonsbeck;kreisangehörige Gemeinde;Wesel;Herrn;Bürgermeister;Heiko;Schmidt;47662;Postfach 1129;47665;Sonsbeck;Herrenstr. 2;02838/360;02838/3647;www.sonsbeck.de;info@sonsbeck.de;05170040;Düsseldorf
Spenge;kreisangehörige Stadt;Herford;Herrn;Bürgermeister;Bernd;Dumcke;32133;Postfach 1363;32139;Spenge;Lange Str. 52-56;05225/87680;05225/876855;www.spenge.de;info@spenge.de;05758032;Detmold
Sprockhövel;Mittlere kreisangehörige Stadt;Ennepe-Ruhr;Herrn;Bürgermeister;Uli;Winkelmann;45541;Postfach 922040;45549;Sprockhövel;Rathausplatz 4;02339/917-0;02339/917300;www.sprockhoevel.de;info@sprockhoevel.de;05954028;Arnsberg
Stadtlohn;kreisangehörige Stadt;Borken;Herrn;Bürgermeister;Helmut;Könning;48695;Postfach 1465;48703;Stadtlohn;Markt 3;02563/870;02563/8781;www.stadtlohn.de;info@stadtlohn.de;05554056;Münster
Steinfurt;Kreis;;Herrn;Landrat;Dr. Klaus Johannes;Effing;;;48565;Steinfurt;Tecklenburger Str. 10;02551/690;02551/692400;www.kreis-steinfurt.de;post@kreis-steinfurt.de;05566000;Münster
Steinfurt;Mittlere kreisangehörige Stadt;Steinfurt;Frau;Bürgermeisterin;Claudia;Bögel-Hoyer;48553;Postfach 2480;48565;Steinfurt;Emsdettener Str. 40;02552/9250;02552/925184;www.steinfurt.de;info@stadt-steinfurt.de;05566084;Münster
Steinhagen;kreisangehörige Gemeinde;Gütersloh;Herrn;Bürgermeister;Klaus;Besser;33792;Postfach 1241;33803;Steinhagen;Am Pulverbach 25;05204/9970;05204/997225;www.steinhagen.de;GSTHKontakt@gt-net.de;05754040;Detmold
Steinheim;kreisangehörige Stadt;Höxter;Herrn;Bürgermeister;Carsten;Torke;32835;Postfach 1363;32839;Steinheim;Marktstr. 2;05233/210;05233/21202;www.steinheim.de;info@steinheim.de;05762032;Detmold
Stemwede;kreisangehörige Gemeinde;Minden-Lübbecke;Herrn;Bürgermeister;Kai;Abruszat;32340;Postfach 1145;32340;Stemwede;Am Thie 20;05745/788990;05745/78899180;www.stemwede.de;info@stemwede.de;05770044;Detmold
Stolberg (Rhld.);Mittlere kreisangehörige Stadt;Städteregion Aachen;Herrn ;Bürgermeister;Dr. Tim;Grüttemeier;52205;Postfach 1820;52222;Stolberg;Rathausstr. 11-13;02402/130;02402/13333;www.stolberg.de;info@stolberg.de;05334032;Köln
Straelen;kreisangehörige Stadt;Kleve;Herrn;Bürgermeister;Hans-Josef;Linßen;47630;Postfach 1353;47638;Straelen;Rathausstr. 1;02834/7020;02834/702101;www.straelen.de;rathaus@straelen.de;05154052;Düsseldorf
Südlohn;kreisangehörige Gemeinde;Borken;Herrn;Bürgermeister;Christian;Vedder;46349;Postfach 1030;46354;Südlohn;Winterswyker Str. 1;02862/5820;02862/58258;www.suedlohn.de;gemeinde@suedlohn.de;05554060;Münster
Sundern (Sauerland);Mittlere kreisangehörige Stadt;Hochsauerland;Herrn;Bürgermeister;Ralph;Brodel;;;59846;Sundern (Sauerland);Rathausplatz 1;02933/810;02933/81111;www.stadt.sundern.de;rathaus@stadt-sundern.de;05958044;Arnsberg
Swisttal;kreisangehörige Gemeinde;Rhein-Sieg-Kreis;Frau;Bürgermeisterin;Petra;Kalkbrenner;;;53913;Swisttal;Rathausstr. 115;02255/3090;02255/309299;www.swisttal.de;gemeinde.Swisttal@swisttal.de;05382064;Köln
Tecklenburg;kreisangehörige Stadt;Steinfurt;Herrn;Bürgermeister;Stefan;Streit;49537;Postfach 1140;49545;Tecklenburg;Landrat-Schultz-Straße 1;05482/703900;05482/7357;www.stadt-tecklenburg.de;info@tecklenburg.de;05566088;Münster
Telgte;kreisangehörige Stadt;Warendorf;Herrn;Bürgermeister;Wolfgang;Pieper;48284;Postfach 220;48291;Telgte;Baßfeld 4-6;02504/130;02504/13228;www.telgte.de;rathaus@telgte.de;05570044;Münster
Titz;kreisangehörige Gemeinde;Düren;Herrn;Bürgermeister;Jürgen Eduard;Frantzen;;;52445;Titz;Landstr. 4;02463/6590;02463/5889;www.gemeinde-titz.de;info@gemeinde-titz.de;05358056;Köln
Tönisvorst;Mittlere kreisangehörige Stadt;Viersen;Herrn;Bürgermeister;Thomas;Goßen;47910;Postfach 1453;47918;Tönisvorst;Bahnstr. 15;02151/9990;02151/999311;www.toenisvorst.de;info@toenisvorst.de;05166028;Düsseldorf
Troisdorf;Große kreisangehörige Stadt;Rhein-Sieg-Kreis;Herrn;Bürgermeister;Klaus Werner;Jablonski;53827;Postfach 1761;53840;Troisdorf;Kölner Str. 176;02241/9000;02241/900800;www.troisdorf.de;rathaus@troisdorf.de;05382068;Köln
Übach-Palenberg;Mittlere kreisangehörige Stadt;Heinsberg;Herrn;Bürgermeister;Wolfgang;Jungnitsch;52527;Postfach 1220;52531;Übach-Palenberg;Rathausplatz 4;02451/9790;02451/979161;www.uebach-palenberg.de;info@uebach-palenberg.de;05370028;Köln
Uedem;kreisangehörige Gemeinde;Kleve;Herrn;Bürgermeister;Rainer;Weber;47587;Postfach 1261;47589;Uedem;Mosterstr. 2;02825/880;02825/8845;www.uedem.de;rathaus@uedem.de;05154056;Düsseldorf
Unna;Kreis;;Herrn;Landrat;Michael;Makiolla;59411;Postfach 2112;59425;Unna;Friedrich-Ebert-Str.17;02303/270;02303/271399;www.kreis-unna.de;post@kreis-unna.de;05978000;Arnsberg
Unna;Große kreisangehörige Stadt;Unna;Herrn;Bürgermeister;Werner;Kolter;59411;Postfach 2113;59423;Unna;Rathausplatz 1;02303/1030;02303/103208;www.unna.de;post@stadt-unna.de;05978036;Arnsberg
Velbert;Große kreisangehörige Stadt;Mettmann;Herrn;Bürgermeister;Dirk;Lukrafka;42547;Postfach 100920;42551;Velbert;Thomasstr. 1;02051/260;02051/262599;www.velbert.de;stadt@velbert.de;05158032;Düsseldorf
Velen;kreisangehörige Stadt;Borken;Frau;Bürgermeisterin;Dagmar;Jeske;46334;Postfach 1162;46342;Velen;Ramsdorfer Str. 19;02863/9260;02863/926299;www.velen.de;info@velen.de;05554064;Münster
Verl;Mittlere kreisangehörige Stadt;Gütersloh;Herrn;Bürgermeister;Michael;Esken;33398;Postfach 1164;33415;Verl;Paderborner Str.3-5;05246/9610;05246/961159;www.verl.de;verl@gt-net.de;05754044;Detmold
Versmold;kreisangehörige Stadt;Gütersloh;Herrn;Bürgermeister;Michael;Meyer-Hermann;33762;Postfach 1464;33775;Versmold;Münsterstr. 16;05423/9540;05423/954115;www.versmold.de;mail@versmold.de;05754048;Detmold
Vettweiß;kreisangehörige Gemeinde;Düren;Herrn;Bürgermeister;Joachim;Kunth;52389;Postfach 1124;52391;Vettweiß;Gereonstr. 14;02424/2090;02424/209234;www.vettweiss.de;buergermeister@vettweiss.de;05358060;Köln
Viersen;Kreis;;Herrn;Landrat;Dr. Andreas;Coenen;41707;Postfach 100762;41747;Viersen;Rathausmarkt 3;02162/390;02162/391803;www.kreis-viersen.de;post@kreis-viersen.de;05166000;Düsseldorf
Viersen;Große kreisangehörige Stadt;Viersen;Frau;Bürgermeisterin;Sabine;Anemüller;41711;Postfach 101152;41747;Viersen;Rathausmarkt 1;02162/1010;02162/101100;www.viersen.de;stadt@viersen.de;05166032;Düsseldorf
Vlotho;kreisangehörige Stadt;Herford;Herrn;Bürgermeister;Rocco;Wilken;32591;Postfach 1705;32602;Vlotho;Lange Str. 60;05733/9240;05733/924200;www.vlotho.de;info@vlotho.de;05758036;Detmold
Voerde (Niederrhein);Mittlere kreisangehörige Stadt;Wesel;Herrn;Bürgermeister;Dirk;Haarmann;46549;Postfach 101152;46562;Voerde;Rathausplatz 20;02855/800;02855/80555;www.voerde.de;stadt.voerde@voerde.de;05170044;Düsseldorf
Vreden;kreisangehörige Stadt;Borken;Herrn;Bürgermeister;Dr. Christoph;Holtwisch;48686;Postfach 1351;48691;Vreden;Burgstr. 14;02564/3030;02564/303105;www.vreden.de;info@vreden.de;05554068;Münster
Wachtberg;kreisangehörige Gemeinde;Rhein-Sieg-Kreis;Frau;Bürgermeisterin;Renate;Offergeld;;;53343;Wachtberg;Rathausstr. 34;0228/95440;0228/9544123;www.wachtberg.de;zentrale@wachtberg.de;05382072;Köln
Wachtendonk;kreisangehörige Gemeinde;Kleve;Herrn;Bürgermeister;Hans-Josef;Aengenendt;47666;Postfach 1145;47669;Wachtendonk;Weinstr. 1;02836/91550;02836/9155700;www.wachtendonk.de;info@wachtendonk.de;05154060;Düsseldorf
Wadersloh;kreisangehörige Gemeinde;Warendorf;Herrn;Bürgermeister;Christian;Thegelkamp;59321;Postfach 1140;59329;Wadersloh;Liesborner Str. 5;02523/9500;02523/950179;www.wadersloh.de;gemeinde@wadersloh.de;05570048;Münster
Waldbröl;kreisangehörige Stadt;Oberbergischer Kreis;Herrn;Bürgermeister;Peter;Koester;51536;Postfach 1620;51545;Waldbröl;Nümbrechter Str. 18-21;02291/850;02291/85125;www.waldbroel.de;zentrale@waldbroel.de;05374044;Köln
Waldfeucht;kreisangehörige Gemeinde;Heinsberg;Herrn;Bürgermeister;Heinz-Josef;Schrammen;52525;Postfach 1601;52525;Waldfeucht;Lambertusstr. 13;02455/3990;02455/39977;www.waldfeucht.de;gemeinde@waldfeucht.de;05370032;Köln
Waltrop;Mittlere kreisangehörige Stadt;Recklinghausen;Frau;Bürgermeisterin;Nicole;Moenikes;45722;Postfach 120;45731;Waltrop;Münsterstr. 1;02309/9300;02309/930300;www.waltrop.de;stadtverwaltung@waltrop.de;05562036;Münster
Warburg;kreisangehörige Stadt;Höxter;Herrn;Bürgermeister;Michael;Stickeln;34404;Postfach 1452;34414;Warburg;Bahnhofstr. 28;05641/920;05641/92582;www.warburg.de;info@warburg.de;05762036;Detmold
Warendorf;Kreis;;Herrn;Landrat;Dr. Olaf;Gericke;48207;Postfach 110561;48231;Warendorf;Waldenburger Str. 2;02581/534012;02581/534099;www.kreis-warendorf.de;info@kreis-warendorf.de;05570000;Münster
Warendorf;Mittlere kreisangehörige Stadt;Warendorf;Herrn;Bürgermeister;Axel;Linke;48211;Postfach 110944;48231;Warendorf;Lange Kesselstr. 4-6;02581/540;02581/542900;www.warendorf.de;stadt@warendorf.de;05570052;Münster
Warstein;Mittlere kreisangehörige Stadt;Soest;Herrn;Bürgermeister;Dr. Thomas;Schöne;59564;Postfach 1309;59581;Warstein;Dieplohstr.1;02902/810;02902/81216;www.warstein.de;post@warstein.de;05974044;Arnsberg
Wassenberg;kreisangehörige Stadt;Heinsberg;Herrn;Bürgermeister;Manfred Jakob;Winkens;41846;Postfach 1220;41849;Wassenberg;Roermonder Str. 25-27;02432/49000;02432/490090;www.wassenberg.de;info@wassenberg.de;05370036;Köln
Weeze;kreisangehörige Gemeinde;Kleve;Herrn;Bürgermeister;Ulrich;Francken;;;47652;Weeze;Cyriakusplatz 13-14;02837/9100;02837/910170;www.weeze.de;info@weeze.de;05154064;Düsseldorf
Wegberg;Mittlere kreisangehörige Stadt;Heinsberg;Herrn;Bürgermeister;Michael;Stock;41837;Postfach 1133;41844;Wegberg;Rathausplatz 25;02434/83-0;02434/83-888;www.wegberg.de;posteingang@stadt.wegberg.de;05370040;Köln
Weilerswist;kreisangehörige Gemeinde;Euskirchen;Frau;Bürgermeisterin;Anna-Katharina;Horst;53914;Postfach 1163;53919;Weilerswist;Bonner Str. 29;02254/96000;02254/960060;www.weilerswist.de;gemeinde@weilerswist.de;05366040;Köln
Welver;kreisangehörige Gemeinde;Soest;Herrn;Bürgermeister;Uwe;Schumacher;59511;Postfach 47;59514;Welver;Am Markt 4;02384/510;02384/5123;www.welver.de;rathaus@welver.de;05974048;Arnsberg
Wenden;kreisangehörige Gemeinde;Olpe;Herrn;Bürgermeister;Bernd;Clemens;57473;Postfach 1140;57482;Wenden;Hauptstr. 75;02762/4060;02762/1667;www.wenden.de;rathaus@wenden.de;05966028;Arnsberg
Werdohl;Mittlere kreisangehörige Stadt;Märkischer Kreis;Frau;Bürgermeisterin;Silvia;Voßloh;58777;Postfach 1740;58791;Werdohl;Goethestr. 51;02392/9170;02392/917238;www.werdohl.de;post@werdohl.de;05962060;Arnsberg
Werl;Mittlere kreisangehörige Stadt;Soest;Herrn;Bürgermeister;Michael ;Grossmann;59455;Postfach 6040;59457;Werl;Hedwig-Dransfeld-Str. 23;02922/8000;02922/8001999;www.werl.de;post@werl.de;05974052;Arnsberg
Wermelskirchen;Mittlere kreisangehörige Stadt;Rheinisch-Bergischer Kreis;Herrn;Bürgermeister;Rainer;Bleek;42904;Postfach 1110;42929;Wermelskirchen;Telegrafenstr. 29-33;02196/7100;02196/710555;www.wermelskirchen.de;post@stadt.wermelskirchen.de;05378032;Köln
Werne;Mittlere kreisangehörige Stadt;Unna;Herrn;Bürgermeister;Lothar;Christ;59358;Postfach 1552/1562;59368;Werne;Konrad-Adenauer-Platz 1;02389/711;02389/71323;www.werne.de;verwaltung@werne.de;05978040;Arnsberg
Werther (Westf.);kreisangehörige Stadt;Gütersloh;Frau;Bürgermeisterin;Marion;Weike;33819;Postfach 1103;33824;Werther (Westf.);Mühlenstr. 2;05203/7050;05203/70588;www.stadt-werther.de;info@stadt-werther.de;05754052;Detmold
Wesel;Kreis;;Herrn;Landrat;Dr. Ansgar;Müller;46471;Postfach 101160;46483;Wesel;Reeser Landstr. 31;0281/2070;0281/2072947;www.kreis-wesel.de;post@kreis-wesel.de;05170000;Düsseldorf
Wesel;Große kreisangehörige Stadt;Wesel;Frau;Bürgermeisterin;Ulrike;Westkamp;46467;Postfach 101180;46483;Wesel;Klever-Tor-Platz 1;0281/2031;0281/203249;www.wesel.de;poststelle@wesel.de;05170048;Düsseldorf
Wesseling;Mittlere kreisangehörige Stadt;Rhein-Erft-Kreis;Herrn;Bürgermeister;Erwin;Esser;;;50389;Wesseling;Alfons-Müller-Platz;02236/701-0;02236/701339;www.wesseling.de;info@wesseling.de;05362040;Köln
Westerkappeln;kreisangehörige Gemeinde;Steinfurt;Frau;Bürgermeisterin;Annette;Große-Heitmeyer;49486;Postfach 1161;49492;Westerkappeln;Große Str. 13;05404/8870;05404/88777;www.westerkappeln.de;info@westerkappeln.de;05566092;Münster
Wetter (Ruhr);Mittlere kreisangehörige Stadt;Ennepe-Ruhr;Herrn;Bürgermeister;Frank;Hasenberg;58287;Postfach 146;58300;Wetter (Ruhr);Kaiserstr. 170;02335/840-0;02335/840555;www.stadt-wetter.de;info@wetter-ruhr.de;05954032;Arnsberg
Wettringen;kreisangehörige Gemeinde;Steinfurt;Herrn;Bürgermeister;Berthold;Bültgerds;48490;Postfach 1220;48493;Wettringen;Kirchstr. 19;02557/780;02557/7845;www.wettringen.de;info@wettringen.de;05566096;Münster
Wickede (Ruhr);kreisangehörige Gemeinde;Soest;Herrn;Bürgermeister;Dr. Martin;Michalzik;58731;Postfach 1165;58739;Wickede (Ruhr);Hauptstr. 81;02377/9150;02377/915178;www.wickede.de;post@wickede.de;05974056;Arnsberg
Wiehl;Mittlere kreisangehörige Stadt;Oberbergischer Kreis;Herrn;Bürgermeister;Ulrich;Stücker;51656;Postfach 1220;51674;Wiehl;Bahnhofstr. 1;02262/990;02262/99247;www.wiehl.de;rathaus@wiehl.de;05374048;Köln
Willebadessen;kreisangehörige Stadt;Höxter;Herrn;Bürgermeister;Hans Hermann;Bluhm;34435;Postfach 1162;34439;Willebadessen;Abdinghofweg 1;05644/880;05644/8817;www.willebadessen.de;info@willebadessen.de;05762040;Detmold
Willich;Mittlere kreisangehörige Stadt;Viersen;Herrn;Bürgermeister;Josef;Heyes;47854;Postfach 1361;47877;Willich;Hauptstr. 6;02156/9490;02156/949101;www.stadt-willich.de;info@stadt-willich.de;05166036;Düsseldorf
Wilnsdorf;kreisangehörige Gemeinde;Siegen-Wittgenstein;Frau;Bürgermeisterin;Christa;Schuppler;57225;Postfach 1109;57234;Wilnsdorf;Marktplatz 1;02739/8020;02739/802139;www.wilnsdorf.de;Rathaus@Wilnsdorf.de;05970044;Arnsberg
Windeck;kreisangehörige Gemeinde;Rhein-Sieg-Kreis;Herrn;Bürgermeister;Hans-Christian;Lehmann;51556;Postfach 1140;51570;Windeck;Rathausstr. 12;02292/6010;02292/60110;www.windeck-bewegt.de;buergermeister@gemeinde-windeck.de;05382076;Köln
Winterberg;kreisangehörige Stadt;Hochsauerland;Herrn;Bürgermeister;Werner;Eickler;59941;Postfach 1005;59955;Winterberg;Fichtenweg 10;02981/8000;02981/800600;www.winterberg.de;post@winterberg.de;05958048;Arnsberg
Wipperfürth;Mittlere kreisangehörige Stadt;Oberbergischer Kreis;Herrn;Bürgermeister;Michael;Styp von Rekowski;51678;Postfach 1460;51688;Wipperfürth;Marktplatz 1;02267/640;02267/64311;www.wipperfuerth.de;info@stadt-wipperfuerth.de;05374052;Köln
Witten;Große kreisangehörige Stadt;Ennepe-Ruhr;Frau;Bürgermeisterin;Sonja;Leidemann;58412;Postfach 2280;58452;Witten;Marktstr. 16;02302/581-0;02302/55554;www.witten.de;stadt@witten.de;05954036;Arnsberg
Wülfrath;Mittlere kreisangehörige Stadt;Mettmann;Frau;Bürgermeisterin;Dr. Claudia Almut;Panke;42481;Postfach 1480;42489;Wülfrath;Am Rathaus 1;02058/180;02058/18272;www.wuelfrath.de;verwaltung@stadt.wuelfrath.de;05158036;Düsseldorf
Wuppertal;kreisfreie Stadt;;Herrn;Oberbürgermeister;Andreas;Mucke;;;42275;Wuppertal;Johannes-Rau-Platz 1;0202/5631;0202/5635353;www.wuppertal.de;stadtverwaltung@stadt.wuppertal.de;05124000;Düsseldorf
Würselen;Mittlere kreisangehörige Stadt;Städteregion Aachen;Herrn;Bürgermeister;Arno;Nelles;52135;Postfach 1160;52146;Würselen;Morlaixplatz 1;02405/670;02405/67400;www.wuerselen.de;buergermeister@wuerselen.de;05334036;Köln
Xanten;Mittlere kreisangehörige Stadt;Wesel;Herrn;Bürgermeister;Thomas;Görtz;46500;Postfach 1164;46509;Xanten;Karthaus 2;02801/7720;02801/772209;www.xanten.de;post@rathaus-xanten.de;05170052;Düsseldorf
Zülpich;kreisangehörige Stadt;Euskirchen;Herrn;Bürgermeister;Ulf;Hürtgen;53905;Postfach 1354;53909;Zülpich;Markt 21;02252/520;02252/52299;www.stadt-zuelpich.de;buergermeister@stadt-zuelpich.de;05366044;Köln
