Münster;Bürgermeister;Berger;Dr. Alexander;Warendorf;;Postfach 2551;59212;Ahlen;02382/590;02382/59465;www.ahlen.de;info@stadt.ahlen.de
Köln;Bürgermeister;Claßen;Ralf;Düren;;Postfach 1363;52447;Aldenhoven;02464/5860;02464/586222;www.aldenhoven.de;gemeinde@aldenhoven.de
Köln;Bürgermeister;Schumacher;Dr. Rolf;Rhein-Sieg-Kreis;;Am Rathaus 7;53347;Alfter;0228/64840;0228/6484199;www.alfter.de;gerd.zwick@alfter.de
Düsseldorf;Bürgermeister;Ahls;Thomas;Wesel;;Postfach 1140;46515;Alpen;02802/9120;02802/912912;www.alpen.de;info@alpen.de
Köln;Bürgermeister;Sonders;Alfred;Städteregion Aachen;;Postfach 1340;52463;Alsdorf;02404/500;02404/22640;www.alsdorf.de;info@alsdorf.de
Arnsberg;Bürgermeister;Hollstein;Dr. Andreas;Märkischer Kreis;;Postfach 1654;58746;Altena;02352/2090;02352/209203;www.altena.de;post@altena.de
Detmold;Bürgermeister;Wessels;Hans Jürgen;Paderborn;;Postfach 1153;33182;Altenbeken;05255/12000;05255/120033;www.altenbeken.de;markus.raabe@altenbeken.de
Münster;Bürgermeister;Paus;Jochen;Steinfurt;;Postfach 1262;48338;Altenberge;02505/820;02505/8240;www.altenberge.de;gemeinde@altenberge.de
Arnsberg;Bürgermeister;Schmidt;Alfred;Soest;;Postfach 1162;59603;Anröchte;02947/888-0;02947/888-180;www.anroechte.de;post@anroechte.de
Arnsberg;Bürgermeister;Vogel;Hans-Josef;Hochsauerland;;Rathausplatz 1;59759;Arnsberg;02932/2010;02932/25250;www.arnsberg.de;stadt@arnsberg.de
Münster;Bürgermeister;Risthaus;Dr. Bert;Coesfeld;;Postfach 2154;59383;Ascheberg;02593/6090;02593/60919;www.ascheberg.de;gemeinde@ascheberg.de
Arnsberg;Bürgermeister;Pospischil;Christian;Olpe;;Postfach 420 /429;57428;Attendorn;02722/640;02722/64421;www.attendorn.de;stadt@attendorn.de
Detmold;Bürgermeister;Wulf;Dr. Andreas Jürgen;Lippe;;Postfach 1140;32826;Augustdorf;05237/97100;05237/971037;www.augustdorf.de;info@augustdorf.de
Arnsberg;Bürgermeister;Fuhrmann;Bernd;Siegen-Wittgenstein;;Postfach 1680;57306;Bad Berleburg;02751/9230;02751/923288;www.bad-berleburg.de;info@bad-berleburg.de
Detmold;Bürgermeister;Deppe;Burkhard;Höxter;;Postfach 1469;33004;Bad Driburg;05253/880;05253/88135;www.bad-driburg.de;info@bad-driburg.de
Köln;Bürgermeister;Neuhoff;Otto;Rhein-Sieg-Kreis;;Postfach 1740;53587;Bad Honnef;02224/1840;02224/184115;www.bad-honnef.de;info@bad-honnef.de
Arnsberg;Bürgermeister;Spillmann;Dr. Torsten;Siegen-Wittgenstein;;Postfach 101462;57326;Bad Laasphe;02752/9090;02752/90999;www.bad-laasphe.de;post@bad-laasphe.de
Detmold;Bürgermeister;Bee;Andreas;Paderborn;;Postfach 1480;33169;Bad Lippspringe;05252/260;05252/26166;www.bad-lippspringe.de;info@bad-lippspringe.de
Detmold;Bürgermeister;Wilmsmeier;Achim;Minden-Lübbecke;;Postfach 101245;32512;Bad Oeynhausen;05731/140;05731/141900;www.badoeynhausen.de;Info@badoeynhausen.de
Detmold;Bürgermeister;Thomas;Roland;Lippe;;Rudolph-Brandes-Allee 19;32105;Bad Salzuflen;05222/9520;05222/952161;www.bad-salzuflen.de;stadt@bad-salzuflen.de
Arnsberg;Bürgermeister;Dahlhoff;Malte;Soest;;Postfach 1140;59499;Bad Sassendorf;02921/5050;02921/50559;www.bad-sassendorf.de;post@bad-sassendorf.de
Detmold;Bürgermeister;Rüther;Christoph;Paderborn;;Postfach 1140;33179;Bad Wünnenberg;02953/709-0;02953/709-78;www.wuennenberg.de;stadt.wuennenberg@wuennenberg.de
Köln;Bürgermeister;Linkens;Dr. Willi;Städteregion Aachen;;Postfach 1180;52490;Baesweiler;02401/8000;02401/800117;www.baesweiler.de;info@stadt.baesweiler.de
Arnsberg;Bürgermeister;Mühling;Hubertus;Märkischer Kreis;;Postfach 160;58795;Balve;02375/9260;02375/926160;www.balve.de;post@balve.de
Detmold;Bürgermeister;Schell;Jürgen;Lippe;;Postfach 1320;32679;Barntrup;05263/4090;05263/409249;www.barntrup.de;info@barntrup.de
Münster;Bürgermeister;Strothmann;Dr. Karl-Uwe;Warendorf;;Postfach 1863;59248;Beckum;02521/290;02521/2955199;www.beckum.de;stadt@beckum.de
Köln;Bürgermeister;Solbach;Sascha;Rhein-Erft-Kreis;;Postfach 1253;50173;Bedburg;02272/402-0;02272/402149;www.bedburg.de;stadtverwaltung@bedburg.de
Düsseldorf;Bürgermeister;Driessen;Peter;Kleve;;Postfach 1156;47547;Bedburg-Hau;02821/6600;02821/66052;www.bedburg-hau.de;rathaus@bedburg-hau.de
Köln;Bürgermeister;Urbach;Lutz;Rheinisch-Berg. Kreis;;Postfach 200920;51439;Bergisch Gladbach;02202/140;02202/142810;www.bergischgladbach.de;info@bergischgladbach.de
Arnsberg;Bürgermeister;Schäfer;Roland Rudolf Hermann;Unna;;Postfach 1560;59179;Bergkamen;02307/9650;02307/69299;www.bergkamen.de;info@bergkamen.de
Köln;Bürgermeister;Holberg;Wilfried;Oberbergischer Kreis;;Postfach 1453;51692;Bergneustadt;02261/4040;02261/404175;www.bergneustadt.de;rathaus@bergneustadt.de
Arnsberg;Bürgermeister;Péus;Ralf Stefan;Hochsauerland;;Postfach 1163;59901;Bestwig;02904/9870;02904/987274;www.bestwig.de;info@bestwig.de
Detmold;Bürgermeister;Grimm;Hubertus;Höxter;;Postfach 1342;37677;Beverungen;05273/3920;05273/392120;www.beverungen.de;info@beverungen.de
Köln;Bürgermeister;Hartmann;Rolf;Euskirchen;;Postfach 40;53941;Blankenheim;02449/870;02449/87199;www.blankenheim.de;info@blankenheim.de
Detmold;Bürgermeister;Geise;Klaus;Lippe;;Postfach 1452;32820;Blomberg;05235/5040;05235/504610;www.blomberg-lippe.de;info@blomberg-lippe.de
Münster;Bürgermeister;Nebelo;Peter;Borken;;Postfach 2262;46372;Bocholt;02871/9530;02871/953222;www.bocholt.de;buergermeister@mail.bocholt.de
Arnsberg;Bürgermeister;Rotering;Stephan;Unna;;Postfach 1241;59194;Bönen;02383/9330;02383/933119;www.boenen.de;post@boenen.de
Detmold;Bürgermeister;Allerdissen;Reiner;Paderborn;;Unter der Burg 1;33178;Borchen;05251/38880;05251/388849;www.borchen.de;gemeindeverwaltung@borchen.de
Detmold;Bürgermeister;Rauch;Rainer;Höxter;;Postfach 4;34432;Borgentreich;05643/8090;05643/80990;www.borgentreich.de;info@borgentreich.de
Detmold;Bürgermeister;Speckmann;Dirk;Gütersloh;;Postfach 1261;33826;Borgholzhausen;05425/8070;05425/80799;www.borgholzhausen.de;borgholzhausen@gt-net.de
Köln;Bürgermeister;Henseler;Wolfgang;Rhein-Sieg-Kreis;;Postfach 1140;53308;Bornheim;02222/9450;02222/945126;www.stadtverwaltung-bornheim.de;info@stadt-bornheim.de
Detmold;Bürgermeister;Temme;Hermann;Höxter;;Postfach 1480;33029;Brakel;05272/3600;05272/360360;www.brakel.de;info@brakel.de
Arnsberg;Bürgermeister;Dahlhaus;André;Ennepe-Ruhr;;Postfach 180;58333;Breckerfeld;02338/809-0;02338/80967;www.breckerfeld.de;info@breckerfeld.de
Arnsberg;Bürgermeister;Bartsch;Dr. Christof;Hochsauerland;;Postfach 1660;59919;Brilon;02961/7940;02961/794108;www.brilon.de;info@brilon.de
Düsseldorf;Bürgermeister;Gellen;Frank;Viersen;;Postfach 1252;41374;Brüggen;02163/57010;02163/570165;www.brueggen.de;info@brueggen.de
Köln;Bürgermeister;Freytag;Dieter;Rhein-Erft-Kreis;;Postfach 1840;50319;Brühl;02232/79-0;02232/48051;www.bruehl.de;stadtverwaltung@bruehl.de
Detmold;Bürgermeister;Koch;Wolfgang;Herford;;Postfach 2749;32227;Bünde;05223/1610;05223/161351;www.buende.de;info@buende.de
Arnsberg;Bürgermeister;Ewers;Christoph;Siegen-Wittgenstein;;Postfach 1120;57291;Burbach;02736/450;02736/4555;www.burbach-siegerland.de;rathaus@burbach-siegerland.de
Detmold;Bürgermeister;Schwuchow;Burkhard;Paderborn;;Postfach 1480;33133;Büren;02951/9700;02951/970120;www.bueren.de;buergermeister@bueren.de
Köln;Bürgermeister;Caplan;Stefan;Rheinisch-Berg. Kreis;;Höhestr. 7-9;51399;Burscheid;02174/6700;02174/670111;www.burscheid.de;post@burscheid.de
Münster;Bürgermeister;Kravanja;Rajko;Recklinghausen;;Postfach 102040;44573;Castrop-Rauxel;02305/1061;02305/1062244;www.castrop-rauxel.de;stadtverwaltung@castrop-rauxel.de
Münster;Bürgermeister;Öhmann;Heinz;Coesfeld;;Postfach 1843;48638;Coesfeld;02541/9390;02541/9394000;www.coesfeld.de;stadt@coesfeld.de
Köln;Bürgermeister;Lembach;Jan;Euskirchen;;Postfach 55;53948;Dahlem;02447/95550;02447/955555;www.dahlem.de;Buergermeister@dahlem.de
Münster;Bürgermeister;Dora;André;Recklinghausen;;Postfach 1465;45705;Datteln;02363/1071;02363/107351;www.datteln.de;buergermeister@datteln.de
Detmold;Bürgermeister;Peitz;Werner;Paderborn;;Postfach 1463;33122;Delbrück;05250/9960;05250/996301;www.stadt-delbrueck.de;info@stadt-delbrueck.de
Detmold;Bürgermeister;Heller;Rainer;Lippe;;Marktplatz 5;32756;Detmold;05231/9770;05231/977299;www.detmold.de;info@detmold.de
Düsseldorf;Bürgermeister;Heidinger;Dr. Michael;Wesel;;Postfach 100540;46525;Dinslaken;02064/660;02064/66524;www.dinslaken.de;information@dinslaken.de
Detmold;Bürgermeister;Ehlert;Friedrich;Lippe;;Postfach 1154;32690;Dörentrup;05265/7390;05265/739196;www.doerentrup-lippe.de;info@doerentrup-lippe.de
Düsseldorf;Bürgermeister;Lierenfeld;Erik;Rhein-Kreis Neuss;;Postfach 100120;41519;Dormagen;02133/2570;02133/25777000;www.dormagen.de;stadtverwaltung@stadt-dormagen.de
Münster;Bürgermeister;Stockhoff;Tobias;Recklinghausen;;Postfach 210265;46269;Dorsten;02362/660;02362/663366;www.dorsten.de;buergermeisterbuero@dorsten.de
Münster;Bürgermeister;Grawunder;Carsten;Warendorf;;Postfach 1260;48310;Drensteinfurt;02508/9950;02508/995166;www.drensteinfurt.de;stadt@drensteinfurt.de
Arnsberg;Bürgermeister;Berghof;Ulrich;Olpe;;Postfach 1363;57485;Drolshagen;02761/9700;02761/970200;www.drolshagen.de;rathaus@drolshagen.de
Köln;Bürgermeister;Larue;Paul;Düren;;Kaiserplatz 2-4;52349;Düren;02421/250;02421/252251;www.dueren.de;stadt@dueren.de
Köln;Bürgermeister;Storch;Dr. Rüdiger;Rhein-Sieg-Kreis;;Postfach 1164;53774;Eitorf;02243/890;02243/89179;www.eitorf.de;buergermeister@eitorf.de
Köln;Bürgermeister;Heller;Andreas;Rhein-Erft-Kreis;;Postfach 1155;50182;Elsdorf;02274/709-0;02274/3511;www.elsdorf.de;buergermeister@elsdorf.de
Düsseldorf;Bürgermeister;Hinze;Peter;Kleve;;Postfach 100864;46428;Emmerich am Rhein;02822/750;02822/75500;www.emmerich-am-rhein.de;Stadtverwaltung@Stadt-Emmerich.de
Münster;Bürgermeister;Moenikes;Georg;Steinfurt;;Postfach 1254;48270;Emsdetten;02572/9220;02572/922199;www.emsdetten.de;stadt@emsdetten.de
Köln;Bürgermeister;Karthaus;Dr. Gero;Oberbergischer Kreis;;Postfach 1254/1255;51752;Engelskirchen;02263/830;02263/1610;www.engelskirchen.de;rathaus@gemeinde-engelskirchen.de
Detmold;Bürgermeister;Meyer;Thomas;Herford;;Postfach 120;32121;Enger;05224/98000;05224/980066;www.enger.de;info@enger.de
Münster;Bürgermeister;Lülf;Berthold Anton;Warendorf;;Postfach 1455;59306;Ennigerloh;02524/280;02524/28496;www.ennigerloh.de;stadt@ennigerloh.de
Arnsberg;Bürgermeister;Wegener;Hubert;Soest;;Postfach 1040;59463;Ense;02938/9800;02938/4000;www.gemeinde-ense.de;info@gemeinde-ense.de
Köln;Bürgermeister;Erner;Volker;Rhein-Erft-Kreis;;Postfach 2565;50359;Erftstadt;02235/409-0;02235/409505;www.erftstadt.de;buergermeister@erftstadt.de
Köln;Bürgermeister;Jansen;Peter;Heinsberg;;Postfach 1129;41801;Erkelenz;02431/850;02431/70558;www.erkelenz.de;info@erkelenz.de
Düsseldorf;Bürgermeister;Schultz;Christoph;Mettmann;;Postfach 1154;40671;Erkrath;0211/24070;0211/24071033;www.erkrath.de;info@erkrath.de
Arnsberg;Bürgermeister;Gronau;Henning;Siegen-Wittgenstein;;Postfach 100120;57335;Erndtebrück;02753/6050;02753/605100;www.erndtebrueck.de;info@erndtebrueck.de
Arnsberg;Bürgermeister;Wessel;Peter;Soest;;Postfach 1065;59591;Erwitte;02943/8960;02943/896370;www.erwitte.de;post@erwitte.de
Köln;Bürgermeister;Bertram;Rudi;Städteregion Aachen;;Postfach 1328;52233;Eschweiler;02403/710;02403/71384;www.eschweiler.de;Stadtverwaltung@eschweiler.de
Arnsberg;Bürgermeister;Kersting;Stephan;Hochsauerland;;Postfach 1163;59883;Eslohe (Sauerland);02973/8000;02973/800101;www.eslohe.de;post@eslohe.de
Detmold;Bürgermeister;Vieker;Heinrich;Minden-Lübbecke;;Postfach 1520;32329;Espelkamp;05772/5620;05772/8011;www.espelkamp.de;info@espelkamp.de
Köln;Bürgermeister;Friedl;Dr. Uwe;Euskirchen;;Postfach 1169;53861;Euskirchen;02251/140;02251/14249;www.euskirchen.de;info@euskirchen.de
Münster;Bürgermeister;Seidel;Sebastian;Warendorf;;Postfach 1162;48347;Everswinkel;02582/880;02582/88511;www.everswinkel.de;gemeinde@everswinkel.de
Arnsberg;Bürgermeister;Heß;Dietmar;Olpe;;Postfach 220;57402;Finnentrop;02721/5120;02721/6958;www.finnentrop.de;rathaus@finnentrop.de
Arnsberg;Bürgermeister;Rebbe;Friedrich-Wilhelm;Unna;;Postfach 1561;58721;Fröndenberg;02373/9760;02373/976295;www.froendenberg.de;stadt@froendenberg.de
Köln;Bürgermeister;Tholen;Bernhard;Heinsberg;;Postfach 1120;52532;Gangelt;02454/5880;02454/2852;www.gangelt.de;info@gangelt.de
Köln;Bürgermeister;Schmitz;Georg;Heinsberg;;Postfach 1269;52502;Geilenkirchen;02451/6290;02451/629200;www.geilenkirchen.de;stadt@geilenkirchen.de
Düsseldorf;Bürgermeister;Kaiser;Sven;Kleve;;Postfach 1448;47594;Geldern;02831/3980;02831/398130;www.geldern.de;info@geldern.de
Münster;Bürgermeister;Kerkhoff;Thomas;Borken;;Postfach 1361;48706;Gescher;02542/600;02542/60123;www.gescher.de;info@gescher.de
Arnsberg;Bürgermeister;van der Velden;Dr. Remco;Soest;;Postfach 1442;59585;Geseke;02942/5000;02942/50025;www.geseke.de;post@geseke.de
Arnsberg;Bürgermeister;Jacobi;Claus;Ennepe-Ruhr;;Postfach 2360;58265;Gevelsberg;02332/771-0;02332/771230;www.gevelsberg.de;Rathaus@stadtgevelsberg.de
Münster;Bürgermeister;Roland;Ulrich;Recklinghausen;;Postfach 629;45956;Gladbeck;02043/990;02043/991111;www.gladbeck.de;rathaus@stadt-gladbeck.de
Düsseldorf;Bürgermeister;Knickrehm;Ulrich;Kleve;;Postfach 100551;47565;Goch;02823/3200;02823/320236;www.goch.de;info@goch.de
Düsseldorf;Bürgermeister;Lommetz;Manfred;Viersen;;Postfach 101164;47920;Grefrath;02158/40800;02158/4080888;www.grefrath.de;info@grefrath.de
Münster;Bürgermeister;Vennemeyer;Peter;Steinfurt;;Postfach 1664;48255;Greven;02571/9200;02571/920320;www.greven.net;info@stadt-greven.de
Düsseldorf;Bürgermeister;Krützen;Klaus;Rhein-Kreis Neuss;;Postfach 100662;41490;Grevenbroich;02181/6080;02181/608202;www.grevenbroich.de;presseamt@grevenbroich.de
Köln;Bürgermeister;Helmenstein;Frank;Oberbergischer Kreis;;Postfach 100852;51608;Gummersbach;02261/870;02261/87600;www.gummersbach.de;rathaus@stadt-gummersbach.de
Detmold;Bürgermeister;Schulz;Henning;Gütersloh;;Postfach 2955;33326;Gütersloh;05241/821;05241/822044;www.guetersloh.de;guetersloh@gt-net.de
Arnsberg;Bürgermeister;Kronauge;Michael;Hochsauerland;;Postfach 1155;59965;Hallenberg;02984/3030;02984/30331;www.stadt-hallenberg.de;post@stadt-hallenberg.de
Münster;Bürgermeister;Klimpel;Bodo;Recklinghausen;;Postfach 84;45712;Haltern am See;02364/9330;02364/933111;www.haltern.de;stadtverwaltung@haltern.de
Arnsberg;Bürgermeister;Brosch;Michael;Märkischer Kreis;;Postfach 1453;58544;Halver;02353/730;02353/73116;www.halver.de;post@halver.de
Düsseldorf;Bürgermeister;Romanski;Bernd;Wesel;;Postfach 1261;46493;Hamminkeln;02852/880;02852/88130;www.hamminkeln.de;info@hamminkeln.de
Arnsberg;Bürgermeister;Glaser;Dirk;Ennepe-Ruhr;;Postfach 800456;45504;Hattingen;02324/204-0;02324/2042204;www.hattingen.de;info@hattingen.de
Münster;Bürgermeister;Gromöller;Klaus;Coesfeld;;Postfach 1145;48325;Havixbeck;02507/330;02507/3880;www.havixbeck.de;gemeinde@havixbeck.de
Münster;Bürgermeister;Weilinghoff;Franz-Josef;Borken;;Postfach 1180;48613;Heek;02568/93000;02568/930040;www.heek.de;info@heek.de
Münster;Bürgermeister;Benson;Hans-Jürgen;Borken;;Postfach 1161;46355;Heiden;02867/9770;02867/977244;www.heiden.de;info@heiden.de
Düsseldorf;Bürgermeister;Heinisch;Dr. Jan Volker;Mettmann;;Postfach 100553;42570;Heiligenhaus;02056/130;02056/13395;www.heiligenhaus.de;info@heiligenhaus.de
Köln;Bürgermeister;Cremer;Peter;Düren;;Hengebachstr. 14;52396;Heimbach;02446/8080;02446/80888;www.heimbach-eifel.de;buergermeister@heimbach-eifel.de
Köln;Bürgermeister;Dieder;Wolfgang;Heinsberg;;Postfach 1220;52516;Heinsberg;02452/140;02452/14260;www.heinsberg.de;stadt@heinsberg.de
Köln;Bürgermeister;Westerburg;Rudolf;Euskirchen;;Postfach 46;53938;Hellenthal;02482/850;02482/85114;www.hellenthal.de;gemeinde@hellenthal.de
Arnsberg;Bürgermeister;Heilmann;Michael;Märkischer Kreis;;Postfach 1161;58651;Hemer;02372/551;02372/55300;www.hemer.de;post@hemer.de
Köln;Bürgermeister;Pipke;Klaus;Rhein-Sieg-Kreis;;Postfach 1562;53762;Hennef (Sieg);02242/8880;02242/888111;www.hennef.de;info@hennef.de
Detmold;Bürgermeister;Kähler;Tim;Herford;;Postfach 2843;32018;Herford;05221/1890;05221/189690;www.herford.de;info@herford.de
Arnsberg;Bürgermeister;Schmalenbach;Uwe;Märkischer Kreis;;Postfach 60;58845;Herscheid;02357/90930;02357/909350;www.herscheid.de;post@herscheid.de
Münster;Bürgermeister;Toplak;Fred;Recklinghausen;;Kurt-Schumacher-Str. 2;45699;Herten;02366/3030;02366/303255;www.herten.de;stadtverwaltung@herten.de
Detmold;Bürgermeister;Diethelm;Marco;Gütersloh;;Postfach 1263;33434;Herzebrock-Clarholz;05245/4440;05245/444-101;www.herzebrock-clarholz.de;herzebrock-clarholz@gt-net.de
Köln;Bürgermeister;von den Driesch;Christoph;Städteregion Aachen;;Postfach 1280;52112;Herzogenrath;02406/830;02406/12954;www.herzogenrath.de;pressestelle@herzogenrath.de
Detmold;Bürgermeister;Rolfsmeyer;Ulrich;Herford;;Postfach 1263;32110;Hiddenhausen;05221/9640;05221/964480;www.hiddenhausen.de;info@hiddenhausen.de
Arnsberg;Bürgermeister;Menzel;Holger;Siegen-Wittgenstein;;Postfach 1360;57261;Hilchenbach;02733/2880;02733/288288;www.hilchenbach.de;info@hilchenbach.de
Detmold;Bürgermeister;Schweiß;Michael;Minden-Lübbecke;;Postfach 6020;32475;Hille;0571/40440;0571/4044400;www.hille.de;info@hille.de
Münster;Bürgermeister;Pohlmann;Winfried;Steinfurt;;Postfach 45;48494;Hopsten;05458/93250;05458/932593;www.hopsten.de;info@hopsten.de
Detmold;Bürgermeister;Rother;Stefan;Lippe;;Postfach 1261;32793;Horn-Bad Meinberg;05234/2010;05234/201222;www.horn-badmeinberg.de;info@horn-badmeinberg.de
Münster;Bürgermeister;Ostholthoff;David;Steinfurt;;Postfach 2063;48469;Hörstel;05454/9110;05454/911102;www.hoerstel.de;stadt@hoerstel.de
Münster;Bürgermeister;Wenking;Robert;Steinfurt;;Postfach 6;48608;Horstmar;02558/790;02558/7931;www.horstmar.de;stadt@horstmar.de
Detmold;Bürgermeister;Berens;Michael;Paderborn;;Postfach 1162;33155;Hövelhof;05257/50090;05257/500931;www.hoevelhof.de;buergermeister@hoevelhof.de
Detmold;Bürgermeister;Fischer;Alexander;Höxter;;Postfach 100640;37669;Höxter;05271/9630;05271/963125;www.hoexter.de;info@hoexter.de
Köln;Bürgermeister;Jansen;Bernd Karl Heinz;Heinsberg;;Postfach 1360;41825;Hückelhoven;02433/820;02433/82265;www.hueckelhoven.de;info@hueckelhoven.de
Köln;Bürgermeister;Persian;Dietmar;Oberbergischer Kreis;;Postfach 100262;42491;Hückeswagen;02192/880;02192/88288;www.hueckeswagen.de;info@stadt-hueckeswagen.de
Detmold;Bürgermeister;Rührup;Bernd;Minden-Lübbecke;;Postfach 1155;32603;Hüllhorst;05744/93150;05744/931570;www.huellhorst.de;info@huellhorst.de
Düsseldorf;Bürgermeister;Buschmann;Dirk;Wesel;;Postfach 1163;46563;Hünxe;02858/690;02858/69222;www.huenxe.de;info@huenxe.de
Köln;Bürgermeister;Buch;Axel;Düren;;August-Scholl-Str. 5;52393;Hürtgenwald;02429/3090;02429/30970;www.huertgenwald.de;buergermeister@huertgenwald.de
Köln;Bürgermeister;Breuer;Dirk;Rhein-Erft-Kreis;;Friedrich-Ebert-Str. 40;50354;Hürth;02233/53-0;02233/53147;www.huerth.de;rathaus@huerth.de
Münster;Bürgermeister;Schrameyer;Dr. Marc;Steinfurt;;Postfach 1565;49465;Ibbenbüren;05451/9310;05451/931198;www.ibbenbueren.de;info@ibbenbueren.de
Köln;Bürgermeister;Langefeld;Jörn;Düren;;Postfach 1140;52458;Inden;02465/390;02465/3980;www.gemeinde-inden.de;info@gemeinde-inden.de
Arnsberg;Bürgermeister;Ahrens;Dr. Peter Paul;Märkischer Kreis;;Postfach 2462;58594;Iserlohn;02371/2170;02371/2172990;www.iserlohn.de;iserlohn@iserlohn.de
Münster;Bürgermeister;Geukes;Rudolf;Borken;;Postfach 1161;46415;Isselburg;02874/9110;02874/91120;www.isselburg.de;stadt@isselburg.de
Düsseldorf;Bürgermeister;Brüx;Clemens;Kleve;;Postfach 1163;47653;Issum;02835/100;02835/1010;www.issum.de;info@issum.de
Düsseldorf;Bürgermeister;Zillikens;Harald;Rhein-Kreis Neuss;;Postfach 1101;41353;Jüchen;02165/9150;02165/915118;www.juechen.de;Gemeinde@Juechen.de
Köln;Bürgermeister;Fuchs;Axel;Düren;;Postfach 1220;52411;Jülich;02461/630;02461/63362;www.juelich.de;info@juelich.de
Köln;Bürgermeister;Radermacher;Herbert;Euskirchen;;Postfach 160;53921;Kall;02441/8880;02441/88848;www.kall.de;buergermeister@kall.de
Detmold;Bürgermeister;Hecker;Mario;Lippe;;Postfach 1144;32684;Kalletal;05264/6440;05264/644100;www.kalletal.de;info@kalletal.de
Arnsberg;Bürgermeister;Hupe;Hermann;Unna;;Postfach 1580;59158;Kamen;02307/1480;02307/1489000;www.stadt-kamen.de;rathaus@stadt-kamen.de
Düsseldorf;Bürgermeister;Landscheidt;Prof. Dr. Christoph;Wesel;;Postfach 1760;47462;Kamp-Lintfort;02842/9120;02842/912367;www.kamp-lintfort.de;info@kamp-lintfort.de
Düsseldorf;Bürgermeister;Rübo;Volker;Viersen;;Postfach 100720;47884;Kempen;02152/9170;02152/917370;www.kempen.de;rathaus@kempen.de
Düsseldorf;Bürgermeister;Möcking;Dirk;Kleve;;Postfach 1164;47639;Kerken;02833/9220;02833/922123;www.kerken.de;info@kerken.de
Köln;Bürgermeister;Spürck;Dieter;Rhein-Erft-Kreis;;Postfach 2109;50151;Kerpen;02237/58-0;02237/58102;www.stadt-kerpen.de;buergermeister@stadt-kerpen.de
Düsseldorf;Bürgermeister;Pichler;Dr. Dominik;Kleve;;Postfach 75;47612;Kevelaer;02832/1220;02832/122720;www.kevelaer.de;info@stadt-kevelaer.de
Arnsberg;Bürgermeister;Emde;Frank;Märkischer Kreis;;Postfach 1344;58556;Kierspe;02359/6610;02359/661199;www.kierspe.de;post@kierspe.de
Arnsberg;Bürgermeister;Reinéry;Andreas;Olpe;;Postfach 1040;57393;Kirchhundem;02723/4090;02723/40955;www.kirchhundem.de;post@Kirchhundem.de
Detmold;Bürgermeister;Meier;Rüdiger;Herford;;Postfach 1180;32268;Kirchlengern;05223/75730;05223/757319;www.kirchlengern.de;info@kirchlengern.de
Köln;Bürgermeister;Wirtz;Franz Peter;Rhein-Sieg-Kreis;;Postfach 1105;53621;Königswinter;02244/8890;02244/889378;www.koenigswinter.de;stadtverwaltung@koenigswinter.de
Düsseldorf;Bürgermeister;Venten;Marc;Rhein-Kreis Neuss;;Postfach 1163;41335;Korschenbroich;02161/6130;02161/613108;www.korschenbroich.de;stadt@korschenbroich.de
Düsseldorf;Bürgermeister;Steins;Günter;Kleve;;Postfach 1162;47552;Kranenburg;02826/790;02826/7977;www.kranenburg.de;rathaus@kranenburg.de
Köln;Bürgermeister;Eßer;Ingo;Düren;;Postfach 1128;52368;Kreuzau;02422/5070;02422/507160;www.kreuzau.de;buergermeister@kreuzau.de
Arnsberg;Bürgermeister;Kiß;Walter;Siegen-Wittgenstein;;Postfach 1660;57207;Kreuztal;02732/510;02732/4534;www.kreuztal.de;Stadt_Kreuztal@kreuztal.de
Köln;Bürgermeister;Heider;Willi;Rheinisch-Berg. Kreis;;Postfach 1160;51508;Kürten;02268/9390;02268/939140;www.kuerten.de;gemeinde@kuerten.de
Münster;Bürgermeister;Decker-König;Udo;Steinfurt;;Postfach 1148/1153;49546;Ladbergen;05485/810;05485/8144;www.ladbergen.de;info@ladbergen.de
Münster;Bürgermeister;Maier;Peter;Steinfurt;;Postfach 40;48362;Laer;02554/9100;02554/91070;www.laer.de;rathaus@laer.de
Detmold;Bürgermeister;Liebrecht;Christian;Lippe;;Postfach 1970/1980;32778;Lage;05232/6010;05232/601-444;www.lage.de;epost@stadtlage.de
Düsseldorf;Bürgermeister;Schneider;Frank;Mettmann;;Postfach 1565;40740;Langenfeld (Rhld.);02173/7940;02173/79499999;www.langenfeld.de;info@langenfeld.de
Köln;Bürgermeister;Göbbels;Heinrich;Düren;;Postfach 1240;52374;Langerwehe;02423/4090;02423/1040;www.langerwehe.de;gemeinde@langerwehe.de
Münster;Bürgermeister;Kleweken;Friedhelm;Borken;;Postfach 1129;48735;Legden;02566/9100;02566/910222;www.legden.de;gemeinde@legden.de
Köln;Bürgermeister;Steffes;Frank;Rheinisch-Berg. Kreis;;Postfach 1665;42787;Leichlingen (Rhld.);02175/9920;02175/992175;www.leichlingen.de;info@leichlingen.de
Detmold;Bürgermeister;Austermann;Dr. Reiner;Lippe;;Marktplatz 1;32657;Lemgo;05261/2130;05261/213215;www.lemgo.de;info@lemgo.de
Münster;Bürgermeister;Möhrke;Wilhelm;Steinfurt;;Postfach 1540;49515;Lengerich;05481/330;05481/33199;www.lengerich.de;info@lengerich.de
Arnsberg;Bürgermeister;Hundt;Stefan;Olpe;;Postfach 1263;57342;Lennestadt;02723/6080;02723/608119;www.lennestadt.de;Rathaus@lennestadt.de
Detmold;Bürgermeister;Schemmel;Gerhard;Lippe;;Postfach 1152;33814;Leopoldshöhe;05208/9910;05208/991111;www.leopoldshoehe.de;info@leopoldshoehe.de
Detmold;Bürgermeister;Hartmann;Josef;Paderborn;;Postfach 1144;33162;Lichtenau;05295/890;05295/8970;www.lichtenau.de;buergermeister@lichtenau.de
Münster;Bürgermeister;Strietelmeier;Arne Erwin;Steinfurt;;Postfach 1264;49530;Lienen;05483/73960;05483/739659;www.lienen.de;info@lienen.de
Köln;Bürgermeister;Ludwig;Dr. Georg;Oberbergischer Kreis;;Postfach 1120;51779;Lindlar;02266/960;02266/8867;www.lindlar.de;info@gemeinde-lindlar.de
Arnsberg;Bürgermeister;Lürbke;Matthias;Soest;;Bahnhofstr. 7;59510;Lippetal;02923/9800;02923/980232;www.lippetal.de;post@lippetal.de
Arnsberg;Bürgermeister;Sommer;Christof;Soest;;Postfach 2540;59535;Lippstadt;02941/9800;02941/78111;www.lippstadt.de;post@stadt-lippstadt.de
Köln;Bürgermeister;Krybus;Horst;Rhein-Sieg-Kreis;;Postfach 1209;53785;Lohmar;02246/150;02246/15200;www.lohmar.de;rathaus@lohmar.de
Detmold;Bürgermeister;Poggemöller;Bernd;Herford;;Postfach 1455;32557;Löhne;05732/1000;05732/100309;www.loehne.de;info@loehne.de
Münster;Bürgermeister;Lammers;Rainer;Steinfurt;;Postfach 1162;49498;Lotte;05404/8890;05404/88950;www.lotte.de;info@lotte.de
Detmold;Bürgermeister;Haberbosch;Frank;Minden-Lübbecke;;Postfach 1453;32294;Lübbecke;05741/2760;05741/90561;www.luebbecke.de;info@luebbecke.de
Arnsberg;Bürgermeister;Dzewas;Dieter;Märkischer Kreis;;Postfach 2740;58505;Lüdenscheid;02351/170;02351/171700;www.luedenscheid.de;post@luedenscheid.de
Münster;Bürgermeister;Borgmann;Richard;Coesfeld;;Postfach 1531;59335;Lüdinghausen;02591/9260;02591/926177;www.luedinghausen.de;verwaltung@stadt-luedinghausen.de
Detmold;Bürgermeister;Reker;Heinz;Lippe;;Postfach 1352;32670;Lügde;05281/77080;05281/79645;www.luegde.de;info@luegde.de
Arnsberg;Bürgermeister;Kleine-Frauns;Jürgen;Unna;;Postfach 2030/2040;44510;Lünen;02306/1040;02306/1041460;www.luenen.de;info@luenen.de
Köln;Bürgermeister;Meisenberg;Stefan;Oberbergischer Kreis;;Postfach 1220;51704;Marienheide;02264/40440;02264/4044261;www.marienheide.de;info@gemeinde-marienheide.de
Detmold;Bürgermeister;Klocke;Robert;Höxter;;Postfach 1154;37692;Marienmünster;05276/98980;05276/989890;www.marienmuenster.de;info@marienmuenster.de
Münster;Bürgermeister;Arndt;Werner;Recklinghausen;;Creiler Platz 1;45768;Marl;02365/990;02365/992740;www.marl.de;info@marl.de
Arnsberg;Bürgermeister;Hülsenbeck;Klaus;Hochsauerland;;Postfach 1341;34419;Marsberg;02992/6021;02992/602202;www.marsberg.de;info@marsberg.de
Köln;Bürgermeister;Schick;Dr. Hans-Peter;Euskirchen;;Postfach 1265;53887;Mechernich;02443/490;02443/49199;www.mechernich.de;info@mechernich.de
Köln;Bürgermeister;Spilles;Bert;Rhein-Sieg-Kreis;;Postfach 1180;53333;Meckenheim;02225/9170;02225/917100;www.meckenheim.de;stadt.meckenheim@meckenheim.de
Arnsberg;Bürgermeister;Grosche;Thomas;Hochsauerland;;Postfach 1360;59961;Medebach;02982/4000;02982/40033;www.medebach.de;post@medebach.de
Arnsberg;Bürgermeister;Nesselrath;Jan;Märkischer Kreis;;Postfach 1563;58531;Meinerzhagen;02354/770;02354/77220;www.meinerzhagen.de;post@meinerzhagen.de
Arnsberg;Bürgermeister;Wächter;Martin;Märkischer Kreis;;Postfach 660;58688;Menden (Sauerland);02373/9030;02373/903386;www.menden.de;info@menden.de
Köln;Bürgermeister;Gelhausen;Georg;Düren;;Valdersweg 1;52399;Merzenich;02421/3990;02421/399299;www.gemeinde-merzenich.de;buergermeister@gemeinde-merzenich.de
Arnsberg;Bürgermeister;Weber;Christoph;Hochsauerland;;Franz-Stahlmecke-Platz 2;59872;Meschede;0291/2050;0291/205300;www.meschede.de;post@meschede.de
Münster;Bürgermeister;Krabbe;Gregor;Steinfurt;;Postfach 1160;48625;Metelen;02556/890;02556/8944;www.metelen.de;info@metelen.de
Düsseldorf;Bürgermeister;Dinkelmann;Thomas Gerd;Mettmann;;Postfach 300158;40813;Mettmann;02104/9800;02104/980169;www.mettmann.de;buergermeister@mettmann.de
Detmold;Bürgermeister;Jäcke;Michael;Minden-Lübbecke;;Postfach 3080;32387;Minden;0571/890;0571/89401;www.minden.de;info@Minden.de
Düsseldorf;Bürgermeister;Fleischhauer;Christoph;Wesel;;Postfach 102120;47411;Moers;02841/2010;02841/201888;www.moers.de;info@moers.de
Arnsberg;Bürgermeister;Dicke;Hans;Soest;;Postfach 47;59515;Möhnesee;02924/9810;02924/981141;www.moehnesee.de;gemeinde@moehnesee.de
Düsseldorf;Bürgermeister;Zimmermann;Daniel;Mettmann;;Postfach 100661;40770;Monheim;02173/9519;02173/951899;www.monheim.de;info@monheim.de
Köln;Bürgermeister;Bukowski;Jörg;Oberbergischer Kreis;;Postfach 1153;51589;Morsbach;02294/6990;02294/699187;www.morsbach.de;rathaus@gemeinde-morsbach.de
Köln;Bürgermeister;Büscher;Norbert;Rhein-Sieg-Kreis;;Postfach 1120;53798;Much;02245/680;02245/6850;www.much.de;buergerhotline@much.de
Arnsberg;Bürgermeister;Wagener;Paul Otto;Siegen-Wittgenstein;;Postfach 1155;57235;Netphen;02738/6030;02738/603125;www.netphen.de;stadt@netphen.de
Köln;Bürgermeister;Pracht;Wilfried;Euskirchen;;Krausstr. 2;53947;Nettersheim;02486/780;02486/7878;www.nettersheim.de;buergermeister@nettersheim.de
Düsseldorf;Bürgermeister;Wagner;Christian;Viersen;;Postfach 1462;41304;Nettetal;02153/8980;02153/898898;www.nettetal.de;stadtnettetal@nettetal.de
Münster;Bürgermeister;Möllering;Franz;Steinfurt;;Postfach 5;48481;Neuenkirchen;05973/9260;05973/92680;www.neuenkirchen.de;gemeinde@neuenkirchen.de
Arnsberg;Bürgermeister;Wiesemann;Antonius;Märkischer Kreis;;Postfach 1340;58805;Neuenrade;02392/6930;02392/69348;www.neuenrade.de;post@neuenrade.de
Düsseldorf;Bürgermeister;Lenßen;Harald;Wesel;;Hans-Böckler-Str. 26;47506;Neukirchen-Vluyn;02845/3910;02845/391100;www.neukirchen-vluyn.de;info@neukirchen-vluyn.de
Arnsberg;Bürgermeister;Baumann;Bernhard;Siegen-Wittgenstein;;Postfach 1360;57274;Neunkirchen;02735/7670;02735/5342;www.neunkirchen-siegerland.de;info@neunkirchen-siegerland.de
Düsseldorf;Bürgermeister;Breuer;Reiner Dieter;Rhein-Kreis Neuss;;Markt 2;41460;Neuss;02131/9001;02131/902488;www.neuss.de;stadtverwaltung@neuss.de
Köln;Bürgermeister;Schmunkamp;Marco;Düren;;Postfach 61;52383;Nideggen;02427/8090;02427/80947;www.nideggen.de;buergermeisterin@nideggen.de
Köln;Bürgermeister;Vehreschild;Stephan;Rhein-Sieg-Kreis;;Postfach 1220;53853;Niederkassel;02208/94660;02208/946629;www.niederkassel.de;rathaus@niederkassel.de
Düsseldorf;Bürgermeister;Wassong;Karl-Heinz;Viersen;;Postfach 1180;41367;Niederkrüchten;02163/9800;02163/980111;www.niederkruechten.de;info@niederkruechten.de
Köln;Bürgermeister;Heuser;Hermann;Düren;;Postfach 1120;52380;Niederzier;02428/840;02428/84150;www.niederzier.de;gemeinde@niederzier.de
Detmold;Bürgermeister;Vidal Garcia;Rainer;Höxter;;Postfach 1163;33035;Nieheim;05274/9820;05274/982200;www.nieheim.de;info@nieheim.de
Münster;Bürgermeister;Bergmann;Dietmar;Coesfeld;;Postfach 1280;59389;Nordkirchen;02596/9170;02596/917139;www.nordkirchen.de;gemeinde@nordkirchen.de
Köln;Bürgermeister;Czech;Dr. Timo;Düren;;Postfach 9;52386;Nörvenich;02426/1010;02426/10137;www.noervenich.de;info@noervenich.de
Köln;Bürgermeister;Redenius;Hilko;Oberbergischer Kreis;;Postfach 1120;51581;Nümbrecht;02293/3020;02293/2901;www.nuembrecht.de;gemeinde.nuembrecht@nuembrecht.de
Münster;Bürgermeister;Hutzenlaub;Kai;Steinfurt;;Postfach 1364;48602;Ochtrup;02553/730;02553/73-200;www.ochtrup.de;post@ochtrup.de
Köln;Bürgermeister;Lennerts;Robert;Rheinisch-Berg. Kreis;;Postfach 1131;51516;Odenthal;02202/7100;02202/78777;www.odenthal.de;post@odenthal.de
Münster;Bürgermeister;Knop;Karl-Friedrich;Warendorf;;Postfach 3640;59285;Oelde;02522/720;02522/72460;www.oelde.de;online@oelde.de
Münster;Bürgermeister;Wewers;Carsten;Recklinghausen;;Postfach 1340;45734;Oer-Erkenschwick;02368/6910;02368/691298;www.Oer-Erkenschwick.de;rathaus@Oer-Erkenschwick.de
Detmold;Bürgermeister;Becker;Dirk;Lippe;;Postfach 1344;33806;Oerlinghausen;05202/4930;05202/49393;www.oerlinghausen.de;info@oerlinghausen.de
Münster;Bürgermeister;Sendermann;Wilhelm;Coesfeld;;Postfach 135;59396;Olfen;02595/389-0;02595/389-292;www.olfen.de;info@olfen.de
Arnsberg;Bürgermeister;Weber;Peter;Olpe;;Postfach 1920;57449;Olpe;02761/830;02761/831330;www.olpe.de;rathaus@olpe.de
Arnsberg;Bürgermeister;Fischer;Wolfgang;Hochsauerland;;Postfach 1462;59933;Olsberg;02962/9820;02962/982226;www.olsberg.de;post@olsberg.de
Münster;Bürgermeister;Annen;Wolfgang Alois;Warendorf;;Postfach 1165;48342;Ostbevern;02532/820;02532/8246;www.ostbevern.de;gemeinde@ostbevern.de
Köln;Bürgermeister;Weigt;Jörg;Rheinisch-Berg. Kreis;;Postfach 1380;51484;Overath;02206/6020;02206/602193;www.overath.de;post@overath.de
Detmold;Bürgermeister;Dreier;Michael;Paderborn;;Am Abdinghof 11;33098;Paderborn;05251/88-0;05251/88-2000;www.paderborn.de;info@paderborn.de
Detmold;Bürgermeister;Blume;Dieter;Minden-Lübbecke;;Postfach 1120;32458;Petershagen;05702/8220;05702/822298;www.petershagen.de;info@petershagen.de
Arnsberg;Bürgermeister;Schulte;Ulrich;Märkischer Kreis;;Postfach 1560 /1580;58815;Plettenberg;02391/9230;02391/923128;www.plettenberg.de;post@plettenberg.de
Detmold;Bürgermeister;Hedtmann;Bernd;Minden-Lübbecke;;Postfach 1463;32440;Porta Westfalica;0571/7910;0571/791277;www.portawestfalica.de;info@portawestfalica.de
Detmold;Bürgermeister;Steiner;Marko;Minden-Lübbecke;;Postfach 1260;32353;Preußisch Oldendorf;05742/93110;05742/5680;www.preussischoldendorf.de;info@preussischoldendorf.de
Köln;Bürgermeister;Keppeler;Frank;Rhein-Erft-Kreis;;Postfach 1345;50241;Pulheim;02238/808-0;02238/808345;www.pulheim.de;stadtpulheim@pulheim.de
Köln;Bürgermeister;Mans;Johannes;Oberbergischer Kreis;;Postfach 1640;42465;Radevormwald;02195/6060;02195/606116;www.radevormwald.net;stadt@radevormwald.de
Münster;Bürgermeister;Grotendorst;Andreas;Borken;;Postfach 1140;46343;Raesfeld;02865/9550;02865/955199;www.raesfeld.de;rathaus@raesfeld.de
Detmold;Bürgermeister;Honsel;Dr. Bert;Minden-Lübbecke;;Postfach 129;32362;Rahden (Westf.);05771/730;05771/7350;www.rahden.de;info@rahden.de
Düsseldorf;Bürgermeister;Pesch;Klaus Konrad;Mettmann;;Postfach 101740;40837;Ratingen;02102/5500;02102/5509250;www.ratingen.de;stadt@ratingen.de
Münster;Bürgermeister;Kellermeier;Eckhard;Steinfurt;;Postfach 1252;49506;Recke;05453/9100;05453/91011;www.recke.de;info@recke.de
Münster;Bürgermeister;Tesche;Christoph;Recklinghausen;;Postfach 101765;45617;Recklinghausen;02361/500;02361/501234;www.recklinghausen.de;stadtverwaltung@recklinghausen.de
Düsseldorf;Bürgermeister;Gerwers;Christoph;Kleve;;Postfach 1362;46452;Rees;02851/510;02851/5125;www.stadt-rees.de;info@stadt-rees.de
Köln;Bürgermeister;Gennies;Rüdiger;Oberbergischer Kreis;;Postfach 1160;51571;Reichshof;02296/8010;02296/801395;www.reichshof.de;info@reichshof.de
Münster;Bürgermeister;Deitert;Manuel;Borken;;Postfach 1151;48728;Reken;02864/94401;02864/944299;www.reken.de;info@reken.de
Detmold;Bürgermeister;Mettenborg;Theo;Gütersloh;;Postfach 2309;33375;Rheda-Wiedenbrück;05242/9630;05242/963222;www.rheda-wiedenbrueck.de;rheda-wiedenbrueck@gt-net.de
Münster;Bürgermeister;Bernsmann;Jürgen;Borken;;Postfach 64;46406;Rhede;02872/9300;02872/930450;www.rhede.de;info@rhede.de
Köln;Bürgermeister;Raetz;Stefan;Rhein-Sieg-Kreis;;Postfach 1128;53348;Rheinbach;02226/9170;02226/917117;www.rheinbach.de;infothek@stadt-rheinbach.de
Düsseldorf;Bürgermeister;Tatzel;Frank;Wesel;;Postfach 101463;47479;Rheinberg;02843/1710;02843/171480;www.rheinberg.de;stadtverwaltung@rheinberg.de
Münster;Bürgermeister;Lüttmann;Dr. Peter;Steinfurt;;Postfach 2063;48410;Rheine;05971/9390;05971/939233;www.rheine.de;stadt@rheine.de
Düsseldorf;Bürgermeister;Kleinenkuhnen;Klaus;Kleve;;Postfach 1120;47507;Rheurdt;02845/96330;02845/963313;www.rheurdt.de;info@rheurdt.de
Detmold;Bürgermeister;Sunder;Andreas;Gütersloh;;Postfach 2364;33393;Rietberg;05244/9860;05244/986400;www.rietberg.de;info@stadt-rietberg.de
Detmold;Bürgermeister;Vortmeyer;Ernst-Wilhelm;Herford;;Postfach 3110;32285;Rödinghausen;05746/9480;05746/948105;www.roedinghausen.de;info@roedinghausen.de
Köln;Bürgermeister;Klauss;Jorma;Städteregion Aachen;;Postfach 1152;52157;Roetgen;02471/180;02471/1889;www.roetgen.de;gemeinde@roetgen.de
Düsseldorf;Bürgermeister;Mertens;Martin Peter;Rhein-Kreis Neuss;;Postfach 101160;41565;Rommerskirchen;02183/8000;02183/80027;www.rommerskirchen.de;info@rommerskirchen.de
Münster;Bürgermeister;Gottheil;Christoph;Coesfeld;;Postfach 1109;48713;Rosendahl;02547/770;02547/77199;www.rosendahl.de;info@rosendahl.de
Köln;Bürgermeister;Mombauer;Marcus Maria;Rheinisch-Berg. Kreis;;Postfach 1120;51492;Rösrath;02205/8020;02205/802131;www.roesrath.de;infoStadt@roesrath.de
Köln;Bürgermeister;Loskill;Mario;Rhein-Sieg-Kreis;;Rathausstr. 18;53809;Ruppichteroth;02295/490;02295/4939;www.ruppichteroth.de;rathaus@ruppichteroth.de
Arnsberg;Bürgermeister;Weiken;Peter Josef;Soest;;Postfach 1026;59598;Rüthen;02952/8180;02952/818170;www.ruethen.de;post@ruethen.de
Münster;Bürgermeister;Roos;Wilfried;Steinfurt;;Postfach 53;48367;Saerbeck;02574/890;02574/8950;www.saerbeck.de;info@saerbeck.de
Detmold;Bürgermeister;Berger;Ulrich;Paderborn;;Postfach 1562;33146;Salzkotten;05258/5070;05258/50727;www.salzkotten.de;stadtverwaltung@salzkotten.de
Köln;Bürgermeister;Schumacher;Klaus;Rhein-Sieg-Kreis;;Postfach 1665;53734;Sankt Augustin;02241/2430;02241/243430;www.sankt-augustin.de;bmbuero@sankt-augustin.de
Münster;Bürgermeister;Uphoff;Josef;Warendorf;;Postfach 1240;48331;Sassenberg;02583/3090;02583/30988;www.sassenberg.de;stadt@sassenberg.de
Arnsberg;Bürgermeister;Schönenberg;Jörg;Märkischer Kreis;;Postfach 1245;58568;Schalksmühle;02355/840;02355/84299;www.schalksmuehle.de;post@schalksmuehle.de
Düsseldorf;Bürgermeister;Rexforth;Mike;Wesel;;Postfach 1140;46510;Schermbeck;02853/9100;02853/910119;www.schermbeck.de;info@schermbeck.de
Detmold;Bürgermeister;Bierwirth;Jörg;Lippe;;Postfach 1265;32807;Schieder-Schwalenberg;05282/6010;05282/60135;www.schieder-schwalenberg.de;info@schieder-schwalenberg.de
Detmold;Bürgermeister;Knorr;Ulrich;Lippe;;Postfach 1140;33185;Schlangen;05252/9810;05252/974211;www.gemeinde-schlangen.de;info@gemeinde-schlangen.de
Köln;Bürgermeister;Meister;Udo;Euskirchen;;Postfach 2165;53932;Schleiden;02445/890;02445/89250;www.schleiden.de;rathaus@schleiden.de
Detmold;Bürgermeister;Erichlandwehr;Hubert;Gütersloh;;Postfach 1160;33748;Schloß Holte-Stukenbrock;05207/89050;05207/8905541;www.schloss-holte-stukenbrock.de;schlossholte-stukenbrock@gt-net.de
Arnsberg;Bürgermeister;Halbe;Bernhard;Hochsauerland;;Postfach 1140;57376;Schmallenberg;02972/9800;02972/980480;www.schmallenberg.de;info@schmallenberg.de
Münster;Bürgermeister;Franzbach;Franz-Josef;Borken;;Postfach 1107;48620;Schöppingen;02555/880;02555/8811;www.schoeppingen.de;gemeinde@schoeppingen.de
Düsseldorf;Bürgermeister;Pesch;Michael;Viersen;;Postfach 60;41364;Schwalmtal;02163/9460;02163/946154;www.schwalmtal.de;info@gemeinde-schwalmtal.de
Arnsberg;Bürgermeister;Böckelühr;Heinrich Hermann;Unna;;Postfach 1729;58212;Schwerte;02304/1040;02304/104303;www.schwerte.de;info@stadt-schwerte.de
Köln;Bürgermeister;Corsten;Herbert;Heinsberg;;Postfach 1315;52539;Selfkant;02456/4990;02456/3828;www.selfkant.de;info@selfkant.de
Arnsberg;Bürgermeister;Löhr;Mario;Unna;;Postfach 88/89;59373;Selm;02592/690;02592/69100;www.selm.de;info@stadtselm.de
Münster;Bürgermeister;Täger;Sebastian;Coesfeld;;Postfach 1251;48303;Senden;02597/6990;02597/699222;www.senden-westf.de;info@senden-westf.de
Münster;Bürgermeister;Streffing;Berthold Friedrich;Warendorf;;Postfach 1261;48319;Sendenhorst;02526/3030;02526/303100;www.sendenhorst.de;mail@sendenhorst.de
Köln;Bürgermeister;Huhn;Franz;Rhein-Sieg-Kreis;;Nogenter Platz 10;53721;Siegburg;02241/1020;02241/102284;www.siegburg.de;rathaus@siegburg.de
Arnsberg;Bürgermeister;Mues;Steffen;Siegen-Wittgenstein;;Postfach 100352;57003;Siegen;0271/4040;0271/21684;www.siegen.de;info@siegen.de
Köln;Bürgermeister;Hermanns;Karl-Heinz;Städteregion Aachen;;Rathausplatz;52152;Simmerath;02473/6070;02473/607100;www.simmerath.de;gemeinde@simmerath.de
Arnsberg;Bürgermeister;Ruthemeyer;Dr. Eckhard Josef;Soest;;Postfach 2252;59482;Soest;02921/1030;02921/103423;www.soest.de;post@soest.de
Düsseldorf;Bürgermeister;Schmidt;Heiko;Wesel;;Postfach 1129;47662;Sonsbeck;02838/360;02838/3647;www.sonsbeck.de;info@sonsbeck.de
Detmold;Bürgermeister;Dumcke;Bernd;Herford;;Postfach 1363;32133;Spenge;05225/87680;05225/876855;www.spenge.de;info@spenge.de
Arnsberg;Bürgermeister;Winkelmann;Uli;Ennepe-Ruhr;;Postfach 922040;45541;Sprockhövel;02339/917-0;02339/917300;www.sprockhoevel.de;info@sprockhoevel.de
Münster;Bürgermeister;Könning;Helmut;Borken;;Postfach 1465;48695;Stadtlohn;02563/870;02563/8781;www.stadtlohn.de;info@stadtlohn.de
Detmold;Bürgermeister;Besser;Klaus;Gütersloh;;Postfach 1241;33792;Steinhagen;05204/9970;05204/997225;www.steinhagen.de;GSTHKontakt@gt-net.de
Detmold;Bürgermeister;Torke;Carsten;Höxter;;Postfach 1363;32835;Steinheim;05233/210;05233/21202;www.steinheim.de;info@steinheim.de
Detmold;Bürgermeister;Abruszat;Kai;Minden-Lübbecke;;Postfach 1145;32340;Stemwede;05745/788990;05745/78899180;www.stemwede.de;info@stemwede.de
Köln;Bürgermeister;Grüttemeier;Dr. Tim;Städteregion Aachen;;Postfach 1820;52205;Stolberg;02402/130;02402/13333;www.stolberg.de;info@stolberg.de
Düsseldorf;Bürgermeister;Linßen;Hans-Josef;Kleve;;Postfach 1353;47630;Straelen;02834/7020;02834/702101;www.straelen.de;rathaus@straelen.de
Münster;Bürgermeister;Vedder;Christian;Borken;;Postfach 1030;46349;Südlohn;02862/5820;02862/58258;www.suedlohn.de;gemeinde@suedlohn.de
Arnsberg;Bürgermeister;Brodel;Ralph;Hochsauerland;;Rathausplatz 1;59846;Sundern (Sauerland);02933/810;02933/81111;www.stadt.sundern.de;rathaus@stadt-sundern.de
Münster;Bürgermeister;Streit;Stefan;Steinfurt;;Postfach 1140;49537;Tecklenburg;05482/703900;05482/7357;www.stadt-tecklenburg.de;info@tecklenburg.de
Münster;Bürgermeister;Pieper;Wolfgang;Warendorf;;Postfach 220;48284;Telgte;02504/130;02504/13228;www.telgte.de;rathaus@telgte.de
Köln;Bürgermeister;Frantzen;Jürgen Eduard;Düren;;Landstr. 4;52445;Titz;02463/6590;02463/5889;www.gemeinde-titz.de;info@gemeinde-titz.de
Düsseldorf;Bürgermeister;Goßen;Thomas;Viersen;;Postfach 1453;47910;Tönisvorst;02151/9990;02151/999311;www.toenisvorst.de;info@toenisvorst.de
Köln;Bürgermeister;Jablonski;Klaus Werner;Rhein-Sieg-Kreis;;Postfach 1761;53827;Troisdorf;02241/9000;02241/900800;www.troisdorf.de;rathaus@troisdorf.de
Köln;Bürgermeister;Jungnitsch;Wolfgang;Heinsberg;;Postfach 1220;52527;Übach-Palenberg;02451/9790;02451/979161;www.uebach-palenberg.de;info@uebach-palenberg.de
Düsseldorf;Bürgermeister;Weber;Rainer;Kleve;;Postfach 1261;47587;Uedem;02825/880;02825/8845;www.uedem.de;rathaus@uedem.de
Arnsberg;Bürgermeister;Kolter;Werner;Unna;;Postfach 2113;59411;Unna;02303/1030;02303/103208;www.unna.de;post@stadt-unna.de
Düsseldorf;Bürgermeister;Lukrafka;Dirk;Mettmann;;Postfach 100920;42547;Velbert;02051/260;02051/262599;www.velbert.de;stadt@velbert.de
Detmold;Bürgermeister;Esken;Michael;Gütersloh;;Postfach 1164;33398;Verl;05246/9610;05246/961159;www.verl.de;verl@gt-net.de
Detmold;Bürgermeister;Meyer-Hermann;Michael;Gütersloh;;Postfach 1464;33762;Versmold;05423/9540;05423/954115;www.versmold.de;mail@versmold.de
Köln;Bürgermeister;Kunth;Joachim;Düren;;Postfach 1124;52389;Vettweiß;02424/2090;02424/209234;www.vettweiss.de;buergermeister@vettweiss.de
Detmold;Bürgermeister;Wilken;Rocco;Herford;;Postfach 1705;32591;Vlotho;05733/9240;05733/924200;www.vlotho.de;info@vlotho.de
Düsseldorf;Bürgermeister;Haarmann;Dirk;Wesel;;Postfach 101152;46549;Voerde;02855/800;02855/80555;www.voerde.de;stadt.voerde@voerde.de
Münster;Bürgermeister;Holtwisch;Dr. Christoph;Borken;;Postfach 1351;48686;Vreden;02564/3030;02564/303105;www.vreden.de;info@vreden.de
Düsseldorf;Bürgermeister;Aengenendt;Hans-Josef;Kleve;;Postfach 1145;47666;Wachtendonk;02836/91550;02836/9155700;www.wachtendonk.de;info@wachtendonk.de
Münster;Bürgermeister;Thegelkamp;Christian;Warendorf;;Postfach 1140;59321;Wadersloh;02523/9500;02523/950179;www.wadersloh.de;gemeinde@wadersloh.de
Köln;Bürgermeister;Koester;Peter;Oberbergischer Kreis;;Postfach 1620;51536;Waldbröl;02291/850;02291/85125;www.waldbroel.de;zentrale@waldbroel.de
Köln;Bürgermeister;Schrammen;Heinz-Josef;Heinsberg;;Postfach 1601;52525;Waldfeucht;02455/3990;02455/39977;www.waldfeucht.de;gemeinde@waldfeucht.de
Detmold;Bürgermeister;Stickeln;Michael;Höxter;;Postfach 1452;34404;Warburg;05641/920;05641/92582;www.warburg.de;info@warburg.de
Münster;Bürgermeister;Linke;Axel;Warendorf;;Postfach 110944;48211;Warendorf;02581/540;02581/542900;www.warendorf.de;stadt@warendorf.de
Arnsberg;Bürgermeister;Schöne;Dr. Thomas;Soest;;Postfach 1309;59564;Warstein;02902/810;02902/81216;www.warstein.de;post@warstein.de
Köln;Bürgermeister;Winkens;Manfred Jakob;Heinsberg;;Postfach 1220;41846;Wassenberg;02432/49000;02432/490090;www.wassenberg.de;info@wassenberg.de
Düsseldorf;Bürgermeister;Francken;Ulrich;Kleve;;Postfach 1265;47649;Weeze;02837/9100;02837/910170;www.weeze.de;info@weeze.de
Köln;Bürgermeister;Stock;Michael;Heinsberg;;Postfach 1133;41837;Wegberg;02434/83-0;02434/83-888;www.wegberg.de;posteingang@stadt.wegberg.de
Arnsberg;Bürgermeister;Schumacher;Uwe;Soest;;Postfach 47;59511;Welver;02384/510;02384/5123;www.welver.de;rathaus@welver.de
Arnsberg;Bürgermeister;Clemens;Bernd;Olpe;;Postfach 1140;57473;Wenden;02762/4060;02762/1667;www.wenden.de;rathaus@wenden.de
Arnsberg;Bürgermeister;Grossmann;Michael;Soest;;Postfach 6040;59455;Werl;02922/8000;02922/8001999;www.werl.de;post@werl.de
Köln;Bürgermeister;Bleek;Rainer;Rheinisch-Berg. Kreis;;Postfach 1110;42904;Wermelskirchen;02196/7100;02196/710555;www.wermelskirchen.de;post@stadt.wermelskirchen.de
Arnsberg;Bürgermeister;Christ;Lothar;Unna;;Postfach 1552/1562;59358;Werne;02389/711;02389/71323;www.werne.de;verwaltung@werne.de
Köln;Bürgermeister;Esser;Erwin;Rhein-Erft-Kreis;;Alfons-Müller-Platz;50387;Wesseling;02236/701-0;02236/701339;www.wesseling.de;info@wesseling.de
Arnsberg;Bürgermeister;Hasenberg;Frank;Ennepe-Ruhr;;Postfach 146;58287;Wetter (Ruhr);02335/840-0;02335/840555;www.stadt-wetter.de;info@wetter-ruhr.de
Münster;Bürgermeister;Bültgerds;Berthold;Steinfurt;;Postfach 1220;48490;Wettringen;02557/780;02557/7845;www.wettringen.de;info@wettringen.de
Arnsberg;Bürgermeister;Michalzik;Dr. Martin;Soest;;Postfach 1165;58731;Wickede (Ruhr);02377/9150;02377/915178;www.wickede.de;post@wickede.de
Köln;Bürgermeister;Stücker;Ulrich;Oberbergischer Kreis;;Postfach 1220;51656;Wiehl;02262/990;02262/99247;www.wiehl.de;rathaus@wiehl.de
Detmold;Bürgermeister;Bluhm;Hans Hermann;Höxter;;Postfach 1162;34435;Willebadessen;05644/880;05644/8817;www.willebadessen.de;info@willebadessen.de
Düsseldorf;Bürgermeister;Heyes;Josef;Viersen;;Postfach 1361;47854;Willich;02156/9490;02156/949101;www.stadt-willich.de;info@stadt-willich.de
Köln;Bürgermeister;Lehmann;Hans-Christian;Rhein-Sieg-Kreis;;Postfach 1140;51556;Windeck;02292/6010;02292/60110;www.gemeinde-windeck.de;buergermeister@gemeinde-windeck.de
Arnsberg;Bürgermeister;Eickler;Werner;Hochsauerland;;Postfach 1005;59941;Winterberg;02981/8000;02981/800600;www.winterberg.de;post@winterberg.de
Köln;Bürgermeister;Styp von Rekowski;Michael;Oberbergischer Kreis;;Postfach 1460;51678;Wipperfürth;02267/640;02267/64311;www.wipperfuerth.de;info@stadt-wipperfuerth.de
Köln;Bürgermeister;Nelles;Arno;Städteregion Aachen;;Postfach 1160;52135;Würselen;02405/670;02405/67400;www.wuerselen.de;buergermeister@wuerselen.de
Düsseldorf;Bürgermeister;Görtz;Thomas;Wesel;;Postfach 1164;46500;Xanten;02801/7720;02801/772209;www.xanten.de;post@rathaus-xanten.de
Köln;Bürgermeister;Hürtgen;Ulf;Euskirchen;;Postfach 1354;53905;Zülpich;02252/520;02252/52299;www.stadt-zuelpich.de;buergermeister@stadt-zuelpich.de
Münster;Bürgermeisterin;Voß;Karola Maria;Borken;;Postfach 1462;48664;Ahaus;02561/720;02561/72100;www.ahaus.de;info@ahaus.de
Köln;Bürgermeisterin;Preiser-Marian;Sabine;Euskirchen;;Postfach 1240;53896;Bad Münstereifel;02253/5050;02253/505114;www.bad-muenstereifel.de;buergermeister@bad-muenstereifel.de
Münster;Bürgermeisterin;Kammann;Elisabeth;Warendorf;;Postfach 1161/1162;48357;Beelen;02586/8870;02586/88788;www.beelen.de;info@beelen.de
Köln;Bürgermeisterin;Pfordt;Maria;Rhein-Erft-Kreis;;Postfach 1169;50101;Bergheim;02271/89-0;02271/89239;www.bergheim.de;rathaus@bergheim.de
Münster;Bürgermeisterin;Dirks;Marion;Coesfeld;;Postfach 1361;48723;Billerbeck;02543/730;02543/7350;www.billerbeck.de;stadt@billerbeck.de
Münster;Bürgermeisterin;Schulze Hessing;Mechthild;Borken;;Postfach 1764;46307;Borken;02861/9390;02861/939253;www.borken.de;stadtpost@borken.de
Münster;Bürgermeisterin;Stremlau;Elisabeth;Coesfeld;;Postfach 1551;48236;Dülmen;02594/120;02594/3135;www.duelmen.de;stadt@duelmen.de
Arnsberg;Bürgermeisterin;Heymann;Imke;Ennepe-Ruhr;;Postfach 1543/1544;58244;Ennepetal;02333/979-0;02333/979280;www.ennepetal.de;stadt@ennepetal.de
Detmold;Bürgermeisterin;Rehmert;Monika;Lippe;;Postfach 1151;32695;Extertal;05262/4020;05262/402119;www.extertal.de;info@extertal.de
Köln;Bürgermeisterin;Stupp;Susanne;Rhein-Erft-Kreis;;Postfach 1960;50209;Frechen;02234/501-1;02234/501219;www.stadt-frechen.de;buergermeisterin@stadt-frechen.de
Arnsberg;Bürgermeisterin;Reschke;Nicole;Siegen-Wittgenstein;;Postfach 1120;57251;Freudenberg;02734/430;02734/43115;www.freudenberg-stadt.de;info@freudenberg-stadt.de
Münster;Bürgermeisterin;Jürgens;Sonja;Borken;;Postfach 1848;48579;Gronau (Westf.);02562/120;02562/12200;www.gronau.de;info@gronau.de
Düsseldorf;Bürgermeisterin;Warnecke;Dr. Bettina;Mettmann;;Postfach 1665;42760;Haan;02129/911100;02129/911102;www.haan.de;Buergermeister@stadt-haan.de
Detmold;Bürgermeisterin;Rodenbrock-Wesselmann;Anne-Elisabeth;Gütersloh;;Postfach 1563/64;33780;Halle (Westf.);05201/1830;05201/183110;www.hallewestfalen.de;hallewestfalen@gt-net.de
Detmold;Bürgermeisterin;Amsbeck-Dopheide;Sabine;Gütersloh;;Postfach 1420;33419;Harsewinkel;05247/9350;05247/935170;www.harsewinkel.de;harsewinkel@gt-net.de
Arnsberg;Bürgermeisterin;Strauss-Köster;Dr. Katja;Ennepe-Ruhr;;Postfach 1561;58311;Herdecke;02330/611-0;02330/12614;www.herdecke.de;stadtverwaltung@herdecke.de
Düsseldorf;Bürgermeisterin;Alkenings;Birgit;Mettmann;;Postfach 880;40708;Hilden;02103/720;02103/72601;www.hilden.de;info@hilden.de
Arnsberg;Bürgermeisterin;Drossel;Ulrike Maria;Unna;;Postfach 1220;59435;Holzwickede;02301/9150;02301/13332;www.holzwickede.de;info@holzwickede.de
Düsseldorf;Bürgermeisterin;Nienhaus;Dr. Ulrike;Rhein-Kreis Neuss;;Postfach 101265;41544;Kaarst;02131/9870;02131/987400;www.kaarst.de;info@kaarst.de
Düsseldorf;Bürgermeisterin;Schulz;Dr. Britta;Kleve;;Postfach 1165;47538;Kalkar;02824/130;02824/13234;www.kalkar.de;info@kalkar.de
Düsseldorf;Bürgermeisterin;Northing;Sonja;Kleve;;Postfach 1960;47517;Kleve;02821/840;02821/23759;www.kleve.de;stadt-kleve@kleve.de
Detmold;Bürgermeisterin;Mittag;Susanne;Gütersloh;;Postfach 1120;33443;Langenberg;05248/5080;05248/50860;www.langenberg.de;langenberg@gt-net.de
Köln;Bürgermeisterin;Schunck-Zenker;Marion Christine;Düren;;Postfach 1227;52438;Linnich;02462/99080;02462/9908900;www.linnich.de;mail@linnich.de
Düsseldorf;Bürgermeisterin;Mielke-Westerlage;Angelika;Rhein-Kreis Neuss;;Postfach 1664;40641;Meerbusch;02132/9160;02132/916320;www.meerbusch.de;service@meerbusch.de
Münster;Bürgermeisterin;Rählmann;Christina;Steinfurt;;Postfach 1160;49493;Mettingen;05452/520;05452/5218;www.mettingen.de;info@mettingen.de
Köln;Bürgermeisterin;Ritter;Margareta;Städteregion Aachen;;Postfach 80;52153;Monschau;02472/811;02472/81220;www.monschau.de;stadtverwaltung@monschau.de
Arnsberg;Bürgermeisterin;Tupat;Birgit;Märkischer Kreis;;Postfach 1103;58766;Nachrodt-Wiblingwerde;02352/93830;02352/938350;www.nachrodt-wiblingwerde.de;post@nachrodt-wiblingwerde.de
Köln;Bürgermeisterin;Sander;Nicole;Rhein-Sieg-Kreis;;Postfach 1120;53810;Neunkirchen-Seelscheid;02247/3030;02247/30370;www.neunkirchen-seelscheid.de;gemeinde@neunkirchen-seelscheid.de
Münster;Bürgermeisterin;Schemmann;Sonja;Steinfurt;;Postfach 1153;48352;Nordwalde;02573/9290;02573/929150;www.nordwalde.de;gemeinde@nordwalde.de
Münster;Bürgermeisterin;Mahnke;Manuela;Coesfeld;;Postfach 1140;48292;Nottuln;02502/9420;02502/942222;www.nottuln.de;info@nottuln.de
Arnsberg;Bürgermeisterin;Grollmann;Gabriele;Ennepe-Ruhr;;Postfach 740;58320;Schwelm;02336/801-1;02336/801370;www.schwelm.de;info@schwelm.de
Münster;Bürgermeisterin;Bögel-Hoyer;Claudia;Steinfurt;;Postfach 2480;48553;Steinfurt;02552/9250;02552/925184;www.steinfurt.de;info@stadt-steinfurt.de
Köln;Bürgermeisterin;Kalkbrenner;Petra;Rhein-Sieg-Kreis;;Rathausstr. 115;53913;Swisttal;02255/3090;02255/309299;www.swisttal.de;Gemeinde.Swisttal@swisttal.de
Münster;Bürgermeisterin;Jeske;Dagmar;Borken;;Postfach 1162;46334;Velen;02863/9260;02863/926299;www.velen.de;info@velen.de
Düsseldorf;Bürgermeisterin;Anemüller;Sabine;Viersen;;Postfach 101152;41711;Viersen;02162/1010;02162/101100;www.viersen.de;stadt@viersen.de
Köln;Bürgermeisterin;Offergeld;Renate;Rhein-Sieg-Kreis;;Rathausstr. 34;53343;Wachtberg;0228/95440;0228/9544123;www.wachtberg.de;marlies.schmitz@wachtberg.de
Münster;Bürgermeisterin;Moenikes;Nicole;Recklinghausen;;Postfach 120;45722;Waltrop;02309/9300;02309/930300;www.waltrop.de;stadtverwaltung@waltrop.de
Köln;Bürgermeisterin;Horst;Anna-Katharina;Euskirchen;;Postfach 1163;53914;Weilerswist;02254/96000;02254/960060;www.weilerswist.de;gemeinde@weilerswist.de
Arnsberg;Bürgermeisterin;Voßloh;Silvia;Märkischer Kreis;;Postfach 1740;58777;Werdohl;02392/9170;02392/917238;www.werdohl.de;post@werdohl.de
Detmold;Bürgermeisterin;Weike;Marion;Gütersloh;;Postfach 1103;33819;Werther (Westf.);05203/7050;05203/70588;www.stadt-werther.de;info@stadt-werther.de
Düsseldorf;Bürgermeisterin;Westkamp;Ulrike;Wesel;;Postfach 101180;46467;Wesel;0281/2031;0281/203249;www.wesel.de;poststelle@wesel.de
Münster;Bürgermeisterin;Große-Heitmeyer;Annette;Steinfurt;;Postfach 1161;49486;Westerkappeln;05404/8870;05404/88777;www.westerkappeln.de;info@westerkappeln.de
Arnsberg;Bürgermeisterin;Schuppler;Christa;Siegen-Wittgenstein;;Postfach 1109;57225;Wilnsdorf;02739/8020;02739/802139;www.wilnsdorf.de;Rathaus@Wilnsdorf.de
Arnsberg;Bürgermeisterin;Leidemann;Sonja;Ennepe-Ruhr;;Postfach 2280;58412;Witten;02302/581-0;02302/55554;www.witten.de;stadt@witten.de
Düsseldorf;Bürgermeisterin;Panke;Dr. Claudia Almut;Mettmann;;Postfach 1480;42481;Wülfrath;02058/180;02058/18272;www.wuelfrath.de;verwaltung@stadt.wuelfrath.de
Köln;Landrat;Kreuzberg;Michael;Rhein-Erft-Kreis;;Willy-Brandt-Platz 1;50126;Bergheim;02271/83-0;02271/832300;www.rhein-erft-kreis.de;info@rhein-erft-kreis.de
Köln;Landrat;Tebroke;Dr. Hermann-Josef;Rheinisch-Bergischer Kreis;;Postfach 200450;51434;Bergisch Gladbach;02202/130;02202/132600;w3.rbk-online.de;info@rbk-online.de
Münster;Landrat;Zwicker;Dr. Kai;Borken;;Burloer Str. 93;46325;Borken;02861/820;02861/63320;www.kreis-borken.de;info@kreis-borken.de
Münster;Landrat;Schulze Pellengahr;Dr. Christian;Coesfeld;;Friedrich-Ebert-Str.7;48638;Coesfeld;02541/180;02541/189999;www.kreis-coesfeld.de;info@kreis-coesfeld.de
Detmold;Landrat;Lehmann;Dr. Axel;Lippe;;Postfach 2053;32710;Detmold;05231/62-0;05231/62-2151;www.lippe.de;info@lippe.de
Köln;Landrat;Spelthahn;Wolfgang;Düren;;Bismarckstr. 16;52348;Düren;02421/22-0;02421/222020;www.kreis-dueren.de;mail@kreis-dueren.de
Köln;Landrat;Rosenke;Günter;Euskirchen;;Jülicher Ring 32;53879;Euskirchen;02251/15-0;02251/15666;www.kreis-euskirchen.de;mailbox@kreis-euskirchen.de
Köln;Landrat;Hagt;Jochen;Oberbergischer Kreis;;Postfach 100555;51605;Gummersbach;02261/880;02261/881033;www.oberbergischer-kreis.de;mail@obk.de
Detmold;Landrat;Adenauer;Sven-Georg;Gütersloh;;Postfach 1820;33373;Gütersloh;05241/850;05241/854000;www.kreis-guetersloh.de;kreisverwaltung@gt-net.de
Köln;Landrat;Pusch;Stephan;Heinsberg;;Postfach 1380;52517;Heinsberg;02452/13-0;02452/131100;www.kreis-heinsberg.de;info@kreis-heinsberg.de
Detmold;Landrat;Müller;Jürgen;Herford;;Postfach 1103;33819;Herford;05221/13-0;05221/13-1902;www.kreis-herford.de;info@kreis-herford.de
Detmold;Landrat;Spieker;Friedhelm;Höxter;;Moltkestr. 12;37671;Höxter;05271/9650;05271/37926;www.kreis-hoexter.de;info@kreis-hoexter.de
Düsseldorf;Landrat;Spreen;Wolfgang;Kleve;;Postfach 1507;47515;Kleve;02821/850;02821/85500;www.kreis-kleve.de;info@kreis-kleve.de
Arnsberg;Landrat;Gemke;Thomas;Märkischer Kreis;;Postfach 2080;58505;Lüdenscheid;02351/96660;02351/6866;www.maerkischer-kreis.de;zentrale-dienste@maerkischer-kreis.de
Arnsberg;Landrat;Schneider;Dr. Karl;Hochsauerlandkreis;;Steinstr. 27;59872;Meschede;0291/940;0291/941140;www.hochsauerlandkreis.de;post@hochsauerlandkreis.de
Düsseldorf;Landrat;Hendele;Thomas;Mettmann;;Postfach 100607;40806;Mettmann;02104/990;02104/994444;www.kreis-mettmann.de;kme@kreis-mettmann.de
Detmold;Landrat;Niermann;Dr. Ralf;Minden-Lübbecke;;Postfach 2580;32382;Minden;0571/8070;0571/8072700;www.minden-luebbecke.de;info@minden-luebbecke.de
Düsseldorf;Landrat;Petrauschke;Hans-Jürgen;Rhein-Kreis Neuss;;Oberstraße 91;41460;Neuss;02181/6010;02181/6012330;www.rhein-kreis-neuss.de;info@rhein-kreis-neuss.de
Arnsberg;Landrat;Beckehoff;Frank Werner;Olpe;;Postfach 1560;57445;Olpe;02761/810;02761/81343;www.kreis-olpe.de;info@kreis-olpe.de
Detmold;Landrat;Müller;Manfred;Paderborn;;Postfach 1940;33049;Paderborn;05251/3080;05251/308444;www.kreis-paderborn.de;info@kreis-paderborn.de
Münster;Landrat;Süberkrüb;Cay;Recklinghausen;;Kurt-Schumacher-Allee 1;45657;Recklinghausen;02361/530;02361/533291;www.kreis-recklinghausen.de;info@kreis-recklinghausen.de
Arnsberg;Landrat;Schade;Olaf;Ennepe-Ruhr-Kreis;;Postfach 420;58317;Schwelm;02336/93-0;02336/932222;www.ennepe-ruhr-kreis.de;verwaltung@en-kreis.de
Köln;Landrat;Schuster;Sebastian;Rhein-Sieg-Kreis;;Postfach 1551;53705;Siegburg;02241/131;02241/132179;www.rhein-sieg-kreis.de;kreisverwaltung@rhein-sieg-kreis.de
Arnsberg;Landrat;Müller;Andreas;Siegen-Wittgenstein;;Koblenzer Str.73;57072;Siegen;0271/3330;0271/3332500;www.siegen-wittgenstein.de;post@siegen-wittgenstein.de
Münster;Landrat;Effing;Dr. Klaus Johannes;Steinfurt;;Tecklenburger Str. 10;48565;Steinfurt;02551/690;02551/692400;www.kreis-steinfurt.de;post@kreis-steinfurt.de
Arnsberg;Landrat;Makiolla;Michael;Unna;;Postfach 2112;59411;Unna;02303/270;02303/271399;www.kreis-unna.de;post@kreis-unna.de
Düsseldorf;Landrat;Coenen;Dr. Andreas;Viersen;;Postfach 100762;41707;Viersen;02162/390;02162/391803;www.kreis-viersen.de;post@kreis-viersen.de
Münster;Landrat;Gericke;Dr. Olaf;Warendorf;;Postfach 110561;48207;Warendorf;02581/534012;02581/534099;www.kreis-warendorf.de;info@kreis-warendorf.de
Düsseldorf;Landrat;Müller;Dr. Ansgar;Wesel;;Postfach 101160;46471;Wesel;0281/2070;0281/2072947;www.kreis-wesel.de;post@kreis-wesel.de
Arnsberg;Landrätin;Irrgang;Eva;Soest;;Postfach 1752;59477;Soest;02921/300;02921/302945;www.kreis-soest.de;buergerservice@kreis-soest.de
Köln;Oberbürgermeister;Philipp;Marcel;Aachen;;Katschhof;52058;Aachen;0241 432-0;0241 432-8000;www.aachen.de;oberbuergermeister@mail.aachen.de
Detmold;Oberbürgermeister;Clausen;Pit;Bielefeld;;Postfach 100111;33501;Bielefeld;0521/510;0521/516599;www.bielefeld.de;posteingang@bielefeld.de
Arnsberg;Oberbürgermeister;Eiskirch;Thomas;Bochum;;Willy-Brandt-Platz 2-6;44787;Bochum;0234/9100;0234/9103643;www.bochum.de;info@bochum.de
Köln;Oberbürgermeister;Sridharan;Ashok-Alexander;Bonn;;Berliner Platz 2;53111;Bonn;0228/77-0;0228/774646;www.bonn.de;oberbuergermeister@bonn.de
Münster;Oberbürgermeister;Tischler;Bernd;Bottrop;;Postfach 101554;46215;Bottrop;02041/7030;02041/703280;www.bottrop.de;stadtverwaltung@bottrop.de
Arnsberg;Oberbürgermeister;Sierau;Ullrich;Dortmund;;Friedensplatz 1;44122;Dortmund;0231/500;0231/5022877;www.dortmund.de;oberbuergermeister@dortmund.de
Düsseldorf;Oberbürgermeister;Link;Sören;Duisburg;;Burgplatz 19;47049;Duisburg;0203/2830;0203/2832020;www.duisburg.de;oberbuergermeister@stadt-duisburg.de
Düsseldorf;Oberbürgermeister;Geisel;Thomas;Düsseldorf;;Postfach 101120;40002;Düsseldorf;0211/8991;0211/8929133;www.duesseldorf.de;rathausinfo@duesseldorf.de
Düsseldorf;Oberbürgermeister;Kufen;Thomas Markus;Essen;;Porscheplatz 1;45121;Essen;0201/880;0201/8888010;www.essen.de;info@essen.de
Münster;Oberbürgermeister;Baranowski;Frank;Gelsenkirchen;;Ebertstraße 11;45875;Gelsenkirchen;0209/1690;0209/1693530;www.gelsenkirchen.de;stadt@gelsenkirchen.de
Arnsberg;Oberbürgermeister;Schulz;Erik O.;Hagen;;Postfach 4249;58042;Hagen;02331/2070;02331/2072400;www.hagen.de;stadtverwaltung@stadt-hagen.de
Arnsberg;Oberbürgermeister;Hunsteger-Petermann;Thomas;Hamm;;Postfach 2449;59061;Hamm;02381/171;02381/172971;www.hamm.de;info@stadt.hamm.de
Arnsberg;Oberbürgermeister;Dudda;Dr. Frank;Herne;;Postfach 101820;44608;Herne;02323/160;02323/162100;www.herne.de;info@herne.de
Düsseldorf;Oberbürgermeister;Meyer;Frank;Krefeld;;Postfach 2740;47727;Krefeld;02151/86-0;02151/753081;www.krefeld.de;stadtservice@krefeld.de
Köln;Oberbürgermeister;Richrath;Uwe;Leverkusen;;Postfach 101140;51311;Leverkusen;0214/406-0;0214/4061172;www.leverkusen.de;postmaster@stadt.leverkusen.de
Düsseldorf;Oberbürgermeister;Reiners;Hans Wilhelm;Mönchengladbach;;Weiherstraße 21;41050;Mönchengladbach;02161/250;02161/252579;www.moenchengladbach.de;post@moenchengladbach.de
Düsseldorf;Oberbürgermeister;Scholten;Ulrich;Mülheim an der Ruhr;;Ruhrstr. 32-34;45466;Mülheim an der Ruhr;0208/4550;0208/4559999;www.muelheim-ruhr.de;info@stadt-mh.de
Münster;Oberbürgermeister;Lewe;Markus;Münster;;Klemensstraße 10;48127;Münster;0251/4920;0251/4927700;www.muenster.de;stadtverwaltung@stadt-muenster.de
Düsseldorf;Oberbürgermeister;Schranz;Daniel;Oberhausen;;Postfach 101505;46015;Oberhausen;0208/8251;0208/8252755;www.oberhausen.de;info@oberhausen.de
Düsseldorf;Oberbürgermeister;Mast-Weisz;Burkhard;Remscheid;;Theodor-Heuss-Platz 1;42853;Remscheid;02191/1600;02191/162748;www.remscheid.de;remscheid@str.de
Düsseldorf;Oberbürgermeister;Kurzbach;Tim-Oliver;Solingen;;Postfach 100165;42648;Solingen;0212/2900;0212/2902109;www.solingen.de;stadtinfo@solingen.de
Düsseldorf;Oberbürgermeister;Mucke;Andreas;Wuppertal;;Johannes-Rau-Platz 1;42269;Wuppertal;0202/5631;0202/5635353;www.wuppertal.de;stadtverwaltung@stadt.wuppertal.de
Köln;Oberbürgermeisterin;Reker;Henriette;Köln;;Postfach 103564;50475;Köln;0221/221-0;0221/2212211;www.stadt-koeln.de;stadtverwaltung@stadt-koeln.de
Köln;Städteregionsrat;Etschenberg;Helmut;Städteregion Aachen;;Postfach 500451;52088;Aachen;0241 5198-1;0241 533190;www.staedteregion-aachen.de;info@staedteregion-aachen.de
Reg-Bez;Titel HVB;HVB/Name;HVB/Vorname;Kreis;;ZustellStrasse;ZustellPLZ;ZustellOrt;Telefon;Telefax;Internet;E-Mail