tweet_id,screenname,city,date,text,source,reply_to,is_quote,retweetet_count,favorited_count,hashtags,retweeted_text,retweeted_user,is_retweet
930701014302380032,GOstbevern,Ostbevern,2017-11-15 07:36:28,"b'Herzliche Einldadung zur Gedenkfeier anl. des #Volkstrauertages am So., 19.11.2017 um 11.30 Uhr auf der Gedenkst\xc3\xa4tte ""Alter Friedhof"" in #Ostbevern https://t.co/HYwMfsLimX https://t.co/ZHjjZlgvFv'",Twitter Web Client,,False,0,0,"Volkstrauertages,Ostbevern",,,False
930047182299910144,GOstbevern,Ostbevern,2017-11-13 12:18:22,b'Die Gemeinde #Ostbevern freut sich \xc3\xbcber die Verst\xc3\xa4rkung ihres Teams durch Claudia Dalhoff. Als Finanzbuchhalterin unterst\xc3\xbctzt sie die #BBO (B\xc3\xa4der- u. Beteiligungsges. Ostbevern). https://t.co/XtU3xr8v5M',Twitter Web Client,,False,0,0,"Ostbevern,BBO",,,False
928662893524070400,GOstbevern,Ostbevern,2017-11-09 16:37:42,"b'Der Abfallkalender 2018 f\xc3\xbcr #Ostbevern ist da. Er liegt zur Mitnahme im Rathaus, in den beiden Bankfilialen sowie in der B\xc3\xa4ckerei Wolke im OT Brock zur Mitnahme aus. Zum Download steht er auf der Homepage der Gemeinde zur Verf\xc3\xbcgung. https://t.co/YvuJANayAx https://t.co/lNCa8S9kOY'",Twitter Web Client,,False,0,1,Ostbevern,,,False
927529531132522496,GOstbevern,Ostbevern,2017-11-06 13:34:07,"b'Am #Kastaniensonntag (12.11.2017) ist kein Ein- und Ausstieg an den Haltestellen ""Kirche"" in #Ostbevern m\xc3\xb6glich. \nhttps://t.co/fCB5iVMFo7 https://t.co/Jdf6iK5E0X'",Twitter Web Client,,False,0,1,"Kastaniensonntag,Ostbevern",,,False
923963938861174785,GOstbevern,Ostbevern,2017-10-27 17:25:44,b'F\xc3\xbcr den #Winterzauber in #Ostbevern an den 4 Advents-Donnerstagen sind noch Verkaufsb\xc3\xbcdchen zu vergeben. Interesse? Tel. 4310350 https://t.co/VlsX2glnJ5',Twitter for Android,,False,0,0,"Winterzauber,Ostbevern",,,False
923584929577005056,GOstbevern,Ostbevern,2017-10-26 16:19:41,b'Wer vermisst seinen #Stubentiger? Dem Fundamt #Ostbevern wurde eine junge Katze \xc3\xbcbergeben.  Bitte unter 02532 82-37 o. im Rathaus melden.',Twitter Web Client,,False,0,0,"Stubentiger,Ostbevern",,,False
921666904384856065,GOstbevern,Ostbevern,2017-10-21 09:18:08,b'Auftakt in die aktuelle F\xc3\xb6rderperiode f\xc3\xbcr den Verein #8plus-Vital.NRW im Krankenhaus. WAF am Donnerstagabend. https://t.co/O45fXIBkJR',Twitter for Android,,False,0,0,8plus,,,False
921368381936283648,GOstbevern,Ostbevern,2017-10-20 13:31:55,b'In wenigen Minuten startet im #Beverbad #Ostbevern die Pool-Party mit dem Zephyrius Discoteam. https://t.co/miDRSsntSm',Twitter for Android,,False,0,1,"Beverbad,Ostbevern",,,False
921256994929029120,GOstbevern,Ostbevern,2017-10-20 06:09:18,b'Das #Beverbad #Ostbevern feiert heute Nachmittag den Ferienanfang. Feiern Sie mit ! https://t.co/G98wLJA6v5',Twitter for Android,,False,0,0,"Beverbad,Ostbevern",,,False
921095504431378432,GOstbevern,Ostbevern,2017-10-19 19:27:36,b'Auftakt zu https://t.co/17cOV9UI8K im Kreis Warendorf heute Abend in der LVHS Freckenhorst. https://t.co/1acqnS8KiU',Twitter for Android,,False,0,0,,,,False
921003381753286657,GOstbevern,Ostbevern,2017-10-19 13:21:32,b'Mit symbolischen Spatenstich heute Baubeginn an der BEVER in #Ostbevern zur Erf\xc3\xbcllung der EU-Wasserrahmenrichtlinie. https://t.co/xkmXLRI531 https://t.co/glvPhp2EwN',Twitter Web Client,,False,3,4,Ostbevern,,,False
920649857928519680,GOstbevern,Ostbevern,2017-10-18 13:56:45,"b'Kunstobjekte in #Ostbevern unter dem Titel ""KulturGut"" ausgeschildert dank Unterst\xc3\xbctzung der #Kulturstiftung der #Sparkasse #Warendorf. https://t.co/CzOu2DDD9B'",Twitter Web Client,,False,0,2,"Ostbevern,Kulturstiftung,Sparkasse,Warendorf",,,False
918135449356562439,GOstbevern,Ostbevern,2017-10-11 15:25:23,"b'Die Feuerwehrnachwuchsgruppe ""Die L\xc3\xb6schbiber"" #Ostbevern bedankt sich bei ihren F\xc3\xb6rderern und Sponsoren f\xc3\xbcr deren gro\xc3\x9fz\xc3\xbcgige Unterst\xc3\xbctzung https://t.co/Fy779TpHFs'",Twitter Web Client,,False,0,1,Ostbevern,,,False
917787718507225088,GOstbevern,Ostbevern,2017-10-10 16:23:38,b'Etwa 250 Sch\xc3\xbcler/innen der #JAS u. ihre Eltern informierten sich heute auf der SchumO in #Ostbevern \xc3\xbcber einen weiterf\xc3\xbchrenden Schulbesuch. https://t.co/H9U9neaT9t',Twitter Web Client,,False,0,0,"JAS,Ostbevern",,,False
917748256737808390,GOstbevern,Ostbevern,2017-10-10 13:46:50,b'Die Bauhofmitarbeiter #Ostbevern fahren ab sofort auch elektrisch. Der j\xc3\xbcngste Zuwachs im Fuhrpark ist ein E-LKW der Marke #StreetScooter. https://t.co/tGbSqh8h7U',Twitter Web Client,,False,0,3,"Ostbevern,StreetScooter",,,False
915592260846276608,GOstbevern,Ostbevern,2017-10-04 14:59:40,b'Bitte vormerken: Zum Start in die Herbstferien steigt am 20.10.2017 von 16-19 Uhr eine coole Familiy-Pool-Party im #BEVERBAD #Ostbevern! https://t.co/eD6Qd7k76n',Twitter Web Client,,False,0,0,"BEVERBAD,Ostbevern",,,False
913296428537188352,GOstbevern,Ostbevern,2017-09-28 06:56:51,b'Der #Giro2017 am 3.10. rollt auch durch #Ostbevern. Dazu wird ein top Rahmenprogramm am Kreisel der B51 organisiert. https://t.co/fnCUyB6FH8 https://t.co/9NPARP3CGN',Twitter Web Client,,False,0,1,"Giro2017,Ostbevern",,,False
912031161903435776,GOstbevern,Ostbevern,2017-09-24 19:09:08,"b'Die Wahlbeteiligung in #Ostbevern zur #bundestagswahl2017 liegt bei 81,4 %. Alle Wahlergebnisse sind abrufbar unter https://t.co/fuDMyedEwb https://t.co/8jisL3rW5y'",Twitter Web Client,,False,0,1,"Ostbevern,bundestagswahl2017",,,False
908958015251992576,GOstbevern,Ostbevern,2017-09-16 07:37:33,"b""Eine Riesen-Gaudi heute ab 18 Uhr auf dem #Oktoberfest  in #Ostbevern. O'ZAPFT is \xf0\x9f\x8d\xbb https://t.co/3giSAAeSeM""",Twitter for Android,,False,0,1,"Oktoberfest,Ostbevern",,,False
907243944345571328,GOstbevern,Ostbevern,2017-09-11 14:06:26,b'Gaudi beim Menschenkicker w\xc3\xa4hrend des Pfarrfestes in #Ostbevern. Im Spiel Politik versus Kirche hie\xc3\x9f es am Ende 4:1 f\xc3\xbcr das Politiker-Team https://t.co/h6SEiI3uyI',Twitter Web Client,,False,0,1,Ostbevern,,,False
907183876962963456,GOstbevern,Ostbevern,2017-09-11 10:07:45,b'Generalprobe gegl\xc3\xbcckt. Radsportler testen Steckenverlauf f\xc3\xbcr den #M\xc3\xbcnsterlandGiro2017 und legen Zwischenstopp in #Ostbevern ein. https://t.co/3FG0Nf8JS9',Twitter Web Client,,False,0,1,"MünsterlandGiro2017,Ostbevern",,,False
906139387787976704,GOstbevern,Ostbevern,2017-09-08 12:57:19,"b'DANKE f\xc3\xbcr 4 neue Rechner, die das KJW #Ostbevern erhalten hat. M\xc3\xb6glich gemacht hat das die #StadtwerkeETO mit einer Spende von 1.000 \xe2\x82\xac. https://t.co/Ou2sRdByai'",Twitter Web Client,,False,0,0,"Ostbevern,StadtwerkeETO",,,False
905075007050702848,GOstbevern,Ostbevern,2017-09-05 14:27:51,b'Spatenstich markiert den Beginn f\xc3\xbcr den Neubau einer Produktionshalle f\xc3\xbcr Windsichter und F\xc3\xb6rderanlagen der Fa. #Westeria in #Ostbevern. https://t.co/bCtt4ItSEz',Twitter Web Client,,False,0,0,"Westeria,Ostbevern",,,False
904275714832257024,GOstbevern,Ostbevern,2017-09-03 09:31:45,"b'Heute von 11-18 Uhr Gewerbeschau ""Bauen &amp; Leben"" im GE Ost in #Ostbevern.'",Twitter for Android,,False,0,0,Ostbevern,,,False
902913355576434688,GOstbevern,Ostbevern,2017-08-30 15:18:13,"b'Morgen hei\xc3\x9ft es ein letztes Mal Sommersandkasten in #Ostbevern. Zum Abschluss wird\xc2\xb4s musikalisch, also nichts wie hin! Um 16 Uhr geht\xc2\xb4s los! https://t.co/AZA7W4nhNu'",Twitter Web Client,,False,0,0,Ostbevern,,,False
901047774296383488,GOstbevern,Ostbevern,2017-08-25 11:45:04,b'Dieses Wochenende findet in #Ostbevern auf dem Gel\xc3\xa4nde des RVO wieder das gro\xc3\x9fe Reitturnier statt. Flutlichtspringen am Samstagabend! https://t.co/dlr2Qhe9WP',Twitter Web Client,,False,0,0,Ostbevern,,,False
901047309353582592,GOstbevern,Ostbevern,2017-08-25 11:43:13,b'Bauma\xc3\x9fnahmen an Schulen in #Ostbevern werden bis zum Beginn des neuen Schuljahres abgeschlossen sein. https://t.co/X1tkIWE7qP',Twitter Web Client,,False,0,1,Ostbevern,,,False
898535306005282816,GOstbevern,Ostbevern,2017-08-18 13:21:25,b'Der neue Kunstrasenplatz im BEVERSTADION #Ostbevern wurde zur gro\xc3\x9fen Freude des #BSV passend f\xc3\xbcr die kommende Fu\xc3\x9fballsaison fertiggestellt. https://t.co/FT8S0rEUnl',Twitter Web Client,,False,0,0,"Ostbevern,BSV",,,False
898115344862203904,GOstbevern,Ostbevern,2017-08-17 09:32:39,"b'F\xc3\xbcr Spa\xc3\x9f und Ohrenschmaus sorgen am heutigen Sommersandkasten in #Ostbevern Clown Pichel und die Band ""Fleeting Art"". Ab 16 Uhr geht\xc2\xb4s los.\xf0\x9f\x98\x8e https://t.co/cIfqgm8gJe'",Twitter Web Client,,False,0,0,Ostbevern,,,False
895693993907900417,GOstbevern,Ostbevern,2017-08-10 17:11:03,"b'Nach dem Serverausfall im Rathaus #Ostbevern, hervorgerufen durch einen Trojaner im Netzwerk, laufen die Rechner (eingeschr\xc3\xa4nkt) wieder. https://t.co/2AOpBLVqf0'",Twitter Web Client,,False,0,0,Ostbevern,,,False
895237131953737729,GOstbevern,Ostbevern,2017-08-09 10:55:39,b'Serverausfall im Rathaus #Ostbevern. Deshalb sind Antragbearbeitungen nur eingeschr\xc3\xa4nkt m\xc3\xb6glich. Die Ursachenermittlung dauert noch an. https://t.co/16vKCP9J8U',Twitter for Android,,False,0,0,Ostbevern,,,False
894881867501064196,GOstbevern,Ostbevern,2017-08-08 11:23:57,b'F\xc3\xbcr den #M\xc3\xbcnsterlandgiro2017 sucht die Gemeinde #Ostbevern zur Streckenabsicherung noch Helfer. Weitere Infos: https://t.co/8obpDGNuVP https://t.co/tUaXuE1Frj',Twitter Web Client,,False,0,0,"Münsterlandgiro2017,Ostbevern",,,False
894126752104099840,GOstbevern,Ostbevern,2017-08-06 09:23:24,b'Wir gratulieren der kfd Brock zum 100sten Jubil\xc3\xa4um.  Allen viel Freude beim heutigen Fest rund um die Kirche w\xc3\xbcnscht die Gem. #Ostbevern https://t.co/2N39L3goLK',Twitter for Android,,False,0,0,Ostbevern,,,False
892753390236839936,GOstbevern,Ostbevern,2017-08-02 14:26:09,b'Aus grau wird bunt. Kinder der Spielstadt haben die tristen M\xc3\xbclltonnen des BEVERBADES #Ostbevern mit farbenfrohen Motiven versch\xc3\xb6nert. https://t.co/yw34x9qaWU',Twitter Web Client,,False,0,0,Ostbevern,,,False
892711039313293313,GOstbevern,Ostbevern,2017-08-02 11:37:52,"b'Gemeinde #Ostbevern verkauft gegen Gebot 4 Baugrundst\xc3\xbccke im BG ""Grevener Damm S\xc3\xbcd"", II. BA. Weitere Infos: https://t.co/Ku7EjFuE5s https://t.co/hI343TJv1i'",Twitter Web Client,,False,0,0,Ostbevern,,,False
892367151461523457,GOstbevern,Ostbevern,2017-08-01 12:51:22,"b'Team-Zuwachs bei der Gemeinde #Ostbevern. Herzlich Willkommen unseren neuen Azubis, Manuel H. und Benjamin B. ! https://t.co/yrZcmxDHcP https://t.co/FnyP3GRuxU'",Twitter Web Client,,False,0,2,Ostbevern,,,False
891158864867074048,GOstbevern,Ostbevern,2017-07-29 04:50:04,"b'Ausstellungser\xc3\xb6ffnung der Gruppe ""Wi(h)r"" am So., 30.07.2017 um 12 Uhr im Rathaus #Ostbevern. https://t.co/IfuDE3UPXr'",Hootsuite,,False,0,2,Ostbevern,,,False
890839025048748032,GOstbevern,Ostbevern,2017-07-28 07:39:09,b'Die Gemeinde #Ostbevern sucht eine/n Sachbearbeiter/in f\xc3\xbcr die kaufm. Buchhaltung. Interessiert? Dann hier klicken: https://t.co/3zez57HEbR https://t.co/mro3ML2PxC',Twitter Web Client,,False,0,0,Ostbevern,,,False
889744377383460864,GOstbevern,Ostbevern,2017-07-25 07:09:24,"b'Die #Ostbevern Touristik l\xc3\xa4dt am 28.7. zur Heidelbeer-Radtour ein. Los gehts um 14 Uhr, Treffpunkt vor dem Rathaus https://t.co/rXTXOtIKir https://t.co/MNUsN5c4a4'",Twitter Web Client,,False,0,0,Ostbevern,,,False
889156933160251392,GOstbevern,Ostbevern,2017-07-23 16:15:07,"b'Im Rathaus #Ostbevern gibt es wieder #Ostbevern Tassen zu kaufen. Diesmal in den Farben rosa, grau, t\xc3\xbcrkis + blau. St\xc3\xbcckpreis: 4 \xe2\x82\xac. /Tasse. https://t.co/8TgH8i56MZ'",Hootsuite,,False,0,0,"Ostbevern,Ostbevern",,,False
888613341366820866,GOstbevern,Ostbevern,2017-07-22 04:15:04,b'Die Gemeinde #Ostbevern braucht Verst\xc3\xa4rkung u. sucht deshalb zum 01.11.17 eine/n Sanierungsmanager/in. Mehr unter: https://t.co/Cfesqovhak https://t.co/lbwXxo5lEX',Hootsuite,,False,0,0,Ostbevern,,,False
888357963441864704,GOstbevern,Ostbevern,2017-07-21 11:20:18,"b'Wir, das Team der Gemeinde #Ostbevern gratulieren unserer Kollegin Sabrina Cord zur bestandenen Pr\xc3\xbcfung. Herzlichen Gl\xc3\xbcckwunsch! https://t.co/eXVrLX8bNX'",Twitter Web Client,,False,0,0,Ostbevern,,,False
887663648956702720,GOstbevern,Ostbevern,2017-07-19 13:21:20,b'Der Sommersandkasten in #Ostbevern sorgt morgen von 16-22 Uhr auf dem Kirchplatz f\xc3\xbcr beste Stimmung bei kleinen und gro\xc3\x9fen Menschen. https://t.co/zDsMDkWjLg',Twitter Web Client,,False,0,2,Ostbevern,,,False
885894223563829248,GOstbevern,Ostbevern,2017-07-14 16:10:16,"b'Wir w\xc3\xbcnschen sch\xc3\xb6ne Ferien mit viel Sonne, tollen Erlebnissen und guter Erholung daheim oder in der Ferne. Ihre Gemeindeverwaltung Ostbevern https://t.co/XsfKKHWD0A'",Hootsuite,,False,0,0,,,,False
885108957907488769,GOstbevern,Ostbevern,2017-07-12 12:09:54,b'So sch\xc3\xb6n kann Radfahren - u. a. auch in #Ostbevern - sein: 100 Schl\xc3\xb6sser Route https://t.co/EE5Z1SDGCf via @YouTube',Twitter Web Client,,False,0,1,Ostbevern,,,False
884738280188784640,GOstbevern,Ostbevern,2017-07-11 11:36:58,"b'Sand satt + gute Stimmung beim #Sommersandkasten in #Ostbevern ab Do., 13. Juli., 16 - 22 Uhr auf dem Kirchplatz. https://t.co/gvJJ7aXfYx https://t.co/xNmqmNYHFQ'",Twitter Web Client,,False,0,0,"Sommersandkasten,Ostbevern",,,False
883329827830472705,GOstbevern,Ostbevern,2017-07-07 14:20:17,b'Wallfahrer von Osnabr\xc3\xbcck nach Telgte sind an diesem WE auch wieder in #Ostbevern zu Gast. Herzlich Willkommen! https://t.co/YYb2ycjp4Z',Hootsuite,,False,0,0,Ostbevern,,,False
880743734798843904,GOstbevern,Ostbevern,2017-06-30 11:04:04,"b'Wir, das Rathaushausteam #Ostbevern, suchen nicht die ""Nadel im Heuhaufen"" aber jemanden, der zu uns passt. https://t.co/JRoJcz5fcG https://t.co/j0UZzZGYj3'",Twitter Web Client,,False,0,0,Ostbevern,,,False
880724876834820096,GOstbevern,Ostbevern,2017-06-30 09:49:08,b'Autofahrer m\xc3\xbcssen auf die Bremse treten: Vor der Kita am Grevener Damm 53 in #Ostbevern gilt ab sofort nur noch Tempo 30. https://t.co/lhD9UTfEwQ',Twitter Web Client,,False,0,1,Ostbevern,,,False
880449890278670336,GOstbevern,Ostbevern,2017-06-29 15:36:26,b'Esther Lauk\xc3\xb6tter vermittelte 25 Unternehmer/innen aus #Ostbevern einen Einblick in die Welt sozialer Medien.  https://t.co/y8u8VDSY5x https://t.co/ABN3aGMnsN',Twitter Web Client,,False,0,1,Ostbevern,,,False
879672337678946304,GOstbevern,Ostbevern,2017-06-27 12:06:43,"b'Vortrag zu Einsatzm\xc3\xb6glichkeiten sozialer Medien in kleinen Unternehmen am 28.6.17 im Rathaus #Ostbevern, 19 Uhr, https://t.co/02lYl5JOdF https://t.co/szGf6YDWug'",Twitter Web Client,,False,0,0,Ostbevern,,,False
879313905981558785,GOstbevern,Ostbevern,2017-06-26 12:22:26,b'Sommerzeit = Reisezeit. Sind Ausweisdokumente noch g\xc3\xbcltig? Das B\xc3\xbcrgeramt #Ostbevern r\xc3\xa4t zu einem fr\xc3\xbchzeitigen Check. https://t.co/AhMxWsTYdi https://t.co/KhHdmDguaP',Twitter Web Client,,False,0,0,Ostbevern,,,False
877606270890627076,GOstbevern,Ostbevern,2017-06-21 19:16:54,b'Gut besuchte Infoveranstaltung zu m\xc3\xb6glichen Bebauungskonzepten in #Ostbeverns guter Stube. https://t.co/foj5hKX1Jy https://t.co/OkpycenEXs',Twitter Web Client,,False,0,0,Ostbeverns,,,False
877443116294443008,GOstbevern,Ostbevern,2017-06-21 08:28:35,b'Was f\xc3\xbcr ein Sommeranfang! Falls Sie eine Abk\xc3\xbchlung brauchen: Ab ins #Beverbad #Ostbevern. Heute v. 13-20 h ge\xc3\xb6ffnet. https://t.co/8CmhwRlE8G https://t.co/I2w2qEOZQA',Twitter Web Client,,False,0,0,"Beverbad,Ostbevern",,,False
876734052165963776,GOstbevern,Ostbevern,2017-06-19 09:31:01,"b'Mi., 21.6., 19 Uhr in der JAS \xc3\xb6ffentliche Vorstellung m\xc3\xb6glicher Bebauungskonzepte f\xc3\xbcr die Areale Hauptstr. 48-54. https://t.co/foj5hKX1Jy'",Twitter Web Client,,False,0,0,,,,False
876732756385988608,GOstbevern,Ostbevern,2017-06-19 09:25:52,"b'B\xc3\xbcrgersprechstunde bei B\xc3\xbcrgermeister W. Annen am Di., 20.06. von 17-18 Uhr. Anmeldung erforderlich unter 02532-8223.https://t.co/7hDZCpF17S https://t.co/sTIHOJOOJa'",Twitter Web Client,,False,0,0,,,,False
874900721380061188,GOstbevern,Ostbevern,2017-06-14 08:06:01,b'Glasfaserausbau in #Ostbevern l\xc3\xa4uft nicht rund. B\xc3\xbcrgermeister W. Annen hat Vertreter der DG zum Gespr\xc3\xa4ch gebeten. https://t.co/A6LBM0n4UU https://t.co/MMDmOpoE3V',Twitter Web Client,,False,0,2,Ostbevern,,,False
874893649330491392,GOstbevern,Ostbevern,2017-06-14 07:37:55,b'Der Wochenmarkt in #Ostbevern findet aufgrund des morgigen Feiertages bereits heute Nachmittag von 14-17 Uhr auf dem Rathaus-Vorplatz statt. https://t.co/QPDEFbmhjn',Twitter Web Client,,False,0,0,Ostbevern,,,False
874672367867482112,GOstbevern,Ostbevern,2017-06-13 16:58:37,b'#schlossloburg ist mit dabei beim #schl\xc3\xb6ssertag2017 am 17./18. Juni. https://t.co/DTC38TBJJI https://t.co/YOqoUCtTtq',Twitter Web Client,,False,2,3,"schlossloburg,schlössertag2017",,,False
874671182808834048,GOstbevern,Ostbevern,2017-06-13 16:53:55,"b'Am Mittwoch, 14.6.17 bleiben alle Dienststellen der Gemeindeverwaltung #Ostbevern aufgrund eines Betriebsausfluges des Teams geschlossen. https://t.co/CeDeVdNsuI'",Twitter Web Client,,False,0,0,Ostbevern,,,False
872789369559691265,GOstbevern,Ostbevern,2017-06-08 12:16:16,"b'""\xc3\x9cber die Mauer geschaut"" in #Ostbevern am Sa.+ So., 10./11.06.17 v. 10-18 Uhr, Gartenplan + Eintritt 4 \xe2\x82\xac, erh\xc3\xa4lt. bei Ostbevern Touristik. https://t.co/2QpuWtJu2A'",Twitter Web Client,,False,0,1,Ostbevern,,,False
872463105921617921,GOstbevern,Ostbevern,2017-06-07 14:39:48,"b'Save the date: Infoveranstaltung am 21. Juni, 19 Uhr, Aula JAS zu m\xc3\xb6glichen Bebauungskonzepten der Bereiche Hauptstr. 48-54 in #Ostbevern.'",Twitter Web Client,,False,0,0,Ostbevern,,,False
872408374557761536,GOstbevern,Ostbevern,2017-06-07 11:02:19,"b'Feuerwehr und DRK Ostbevern sorgen f\xc3\xbcr ""brandhei\xc3\x9fes"" WE am Sa. + So. 10./11.6.17. Tatort: Feuerwehrger\xc3\xa4tehaus, R\xc3\xb6ntgenstra\xc3\x9fe 7, Ostbevern https://t.co/mN71hSgExn'",Twitter Web Client,,False,0,0,,,,False
864397655245549569,GOstbevern,Ostbevern,2017-05-16 08:30:35,"b'Er\xc3\xb6ffnung der 1. Biberwanderroute in #Ostbevern am So., 21.05.17 um 11 Uhr an der Sektbude im Schlosspark Loburg. https://t.co/rq65EOsJZc'",Hootsuite,,False,0,0,Ostbevern,,,False
863825652784525317,GOstbevern,Ostbevern,2017-05-14 18:37:39,b'Die Stimmen zur #Landtagswahl2017 in #Ostbevern sind ausgez\xc3\xa4hlt.  Vielen Dank an die zahlreichen Wahlhelfer! https://t.co/fuDMyedEwb https://t.co/Gqf8zM393E',Twitter Web Client,,False,0,0,"Landtagswahl2017,Ostbevern",,,False
862995511682506752,GOstbevern,Ostbevern,2017-05-12 11:38:58,"b'Gemeinde #Ostbevern sucht IT-Fachkraft (m/w), z. B. #Fachinformatiker/in f\xc3\xbcr #Systeminteration. Weitere Infos: https://t.co/Nnz1BFmTZI https://t.co/6XHWU6ynvM'",Twitter Web Client,,False,0,0,"Ostbevern,Fachinformatiker,Systeminteration",,,False
862817123319590913,GOstbevern,Ostbevern,2017-05-11 23:50:07,b'Direktvermarkter aus der Bever-Region stellen sich vor. Diese neue Brosch\xc3\xbcre ist im Rathaus #Ostbevern erh\xc3\xa4ltlich. https://t.co/w70GrOgE6K https://t.co/3XMmmo0FR9',Hootsuite,,False,0,0,Ostbevern,,,False
861976969528958977,GOstbevern,Ostbevern,2017-05-09 16:11:38,b'Die Gemeinde #Ostbevern gratuliert Christoph Busch-L\xc3\xbctke Westhues zum 25j\xc3\xa4hrigen Dienstjuil\xc3\xa4um! https://t.co/rWxzQb9q1n https://t.co/RIQ11pyhTv',Twitter Web Client,,False,0,0,Ostbevern,,,False
861774001919713280,GOstbevern,Ostbevern,2017-05-09 02:45:07,b'Heute Abend tagt ab 18.00 Uhr der BGSA der Gemeinde #Ostbevern im Rathaus. Die vollst\xc3\xa4ndige TO unter: https://t.co/geaqGWaInA',Hootsuite,,False,0,0,Ostbevern,,,False
860450221796536321,GOstbevern,Ostbevern,2017-05-05 11:04:53,"b'""Biberroute"" in #Ostbevern per Rad und mit Tourguide am So., 7.5. kennenlernen. Treffpunkt: 14 Uhr Rathaus-Vorplatz. https://t.co/sMCbdqvOpt https://t.co/O3p5e2hcgg'",Twitter Web Client,,False,0,1,Ostbevern,,,False
860439339460960256,GOstbevern,Ostbevern,2017-05-05 10:21:39,"b'Vertreter der Touristischen Abeitsgemeinschaft ""Parklandschaft #KreisWarendorf"" treffen sich zur Stunde auf #SchlossLoburg in #Ostbevern. https://t.co/3ab1P2te4X'",Twitter Web Client,,False,0,0,"KreisWarendorf,SchlossLoburg,Ostbevern",,,False
860190831713681408,GOstbevern,Ostbevern,2017-05-04 17:54:10,"b'TEO-Feuerwehren #Telgte, #Everswinkel, #Ostbevern nehmen vor wenigen Stunden neues Gro\xc3\x9ftankl\xc3\xb6schfahrzeug in Betrieb. https://t.co/BqA1SRgOYf'",Twitter Web Client,,False,0,0,"Telgte,Everswinkel,Ostbevern",,,False
857916484944834560,GOstbevern,Ostbevern,2017-04-28 11:16:43,b'Das Team der Gemeinde #Ostbevern braucht Verst\xc3\xa4rkung. Weiterf\xc3\xbchrende Informationen unter https://t.co/JRoJcz5fcG https://t.co/5oLdpeXu7w',Twitter Web Client,,False,0,0,Ostbevern,,,False
857588711374155778,GOstbevern,Ostbevern,2017-04-27 13:34:16,b'Neues kennen lernen und Erfahrungen sammeln: #GirlsDay und #BoysDay auch in #Ostbevern. Weitere Infos unter https://t.co/Gk2c1tJJgQ',Twitter Web Client,,False,0,0,"GirlsDay,BoysDay,Ostbevern",,,False
857194725731971073,GOstbevern,Ostbevern,2017-04-26 11:28:43,b'#u18nrw auch in #Ostbevern. Am 5. Mai wird v. 13-18 h an der #Loburg ein Wahllokal f. Kinder + Jugendliche er\xc3\xb6ffnet. https://t.co/DW80qQ9BqZ',Twitter Web Client,,False,0,0,"u18nrw,Ostbevern,Loburg",,,False
855400591463510018,GOstbevern,Ostbevern,2017-04-21 12:39:28,"b'Die Karussels laufen, die Kirmes in #Ostbevern ist gestartet. Viel Spa\xc3\x9f auf dem ""Rummel"" w\xc3\xbcnscht Ihre Gemeindeverwaltung. https://t.co/nrfRVo4g5b'",Twitter Web Client,,False,0,0,Ostbevern,,,False
854733645592092672,GOstbevern,Ostbevern,2017-04-19 16:29:15,b'Briefwahl zur NRW-Landtagswahl 2017 ist in #Ostbevern gestartet. Online-Beantragung von Briefwahlunterlagen unter https://t.co/6rcyE17IwR https://t.co/6Pk3NRd75x',Twitter Web Client,,False,0,0,Ostbevern,,,False
854245507455217664,GOstbevern,Ostbevern,2017-04-18 08:09:34,"b'Am Sonntag, 23.04.17 \xc3\xb6ffnet der ""Wi(h)r""-Treffpunkt an der Hauptstr. 52 seine T\xc3\xbcren und gew\xc3\xa4hrt Einblicke in die Arbeit der Gruppe. https://t.co/0W7fGy8Lrq'",Twitter Web Client,,False,0,0,,,,False
854177712667324417,GOstbevern,Ostbevern,2017-04-18 03:40:11,b'Heute Abend wird ab 18 Uhr der Parkplatz hinter dem Rathaus #Ostbevern f\xc3\xbcr Aufbauarbeiten der Kirmes gesperrt.',Hootsuite,,False,0,0,Ostbevern,,,False
853442923911892993,GOstbevern,Ostbevern,2017-04-16 03:00:23,b'Das Osterfeuer in #Ostbevern wird heute Abend  um 18 h in der Dorfbauerschaft (in Nachbarschaft zur Hausnr. 20) entz\xc3\xbcndet.\nViel Spa\xc3\x9f dabei!',Hootsuite,,False,0,0,Ostbevern,,,False
852555804804878337,GOstbevern,Ostbevern,2017-04-13 16:15:18,b'Die Gemeinde Ostbevern w\xc3\xbcnscht Ihnen sch\xc3\xb6ne Osterfeiertage. https://t.co/Ul86jzeNoB',Hootsuite,,False,0,2,,,,False
852166518024622080,GOstbevern,Ostbevern,2017-04-12 14:28:25,"b'Die Feuerwehr #Ostbevern hat ein neues Fahrzeug, das insbesondere die L\xc3\xb6schwasserversorgung optimieren soll. https://t.co/XInMGAO8NB https://t.co/CweEJ3kgoA'",Twitter Web Client,,False,0,0,Ostbevern,,,False
852165283741671426,GOstbevern,Ostbevern,2017-04-12 14:23:30,b'Mitarbeiter des Bauhofes #Ostbevern testen E-Lieferfahrzeug auf Alltagstauglichkeit. https://t.co/fDTmBwTjz3 https://t.co/9l4rW1SYBh',Twitter Web Client,,False,0,1,Ostbevern,,,False
850399496047603712,GOstbevern,Ostbevern,2017-04-07 17:26:54,"b'@RobWei2801 Nein, leider nicht.'",Twitter for Android,RobWei2801,False,0,0,,,,False
850321846180425728,GOstbevern,Ostbevern,2017-04-07 12:18:21,"b'#Ostbevern w\xc3\xbcnscht allen sch\xc3\xb6ne, erholsame und fr\xc3\xbchlingshafte #Osterferien ! https://t.co/HOUllCEda2'",Twitter Web Client,,False,0,1,"Ostbevern,Osterferien",,,False
849873148820455424,GOstbevern,Ostbevern,2017-04-06 06:35:23,b'Heute um 18 Uhr tagt der Gemeinderat #Ostbevern. Die Tagesordnung ist abrufbar unter https://t.co/KeZYfYsuph.',Twitter Web Client,,False,0,0,Ostbevern,,,False
849219220986626050,GOstbevern,Ostbevern,2017-04-04 11:16:54,b'Heute um 18.00 Uhr tagt der Umwelt- und Planungsausschuss der Gemeinde #Ostbevern. Die Tagesordnung finden Sie hier: https://t.co/npB6qyu1JR',Twitter Web Client,,False,0,0,Ostbevern,,,False
847475233804099584,GOstbevern,Ostbevern,2017-03-30 15:46:55,b'Die Bez. Reg. M\xc3\xbcnster hat heute die Bildung einer 4. Eingangsklasse an der JAS #Ostbevern zum Schuljahresbeginn 2017/2018 genehmigt.',Twitter Web Client,,False,0,0,Ostbevern,,,False
845606541772382209,GOstbevern,Ostbevern,2017-03-25 12:01:24,b'#Ostbevern putz(t) munter mit 240 Helfer/innen. Wir sagen DANKE f\xc3\xbcr die Unterst\xc3\xbctzung! Das war spitze ! https://t.co/39zjtRk03P',Twitter Web Client,,False,0,1,Ostbevern,,,False
844210006039953408,GOstbevern,Ostbevern,2017-03-21 15:32:04,b'Die Gemeinde #Ostbevern hat auf dem Parkplatz hinter dem Rathaus eine Parkzone ausschlie\xc3\x9flich f\xc3\xbcr Lieferfahrzeuge eingerichtet. https://t.co/6NbLHAsCkK',Twitter Web Client,,False,0,0,Ostbevern,,,False
842411992770043904,GOstbevern,Ostbevern,2017-03-16 16:27:24,b'Erste  Bauerschaft in #Ostbevern startet mit Glasfaserausbau. Dienstagnachmittag gab\xc2\xb4s den Startschuss dazu.  https://t.co/dQRI4H2ZU0 https://t.co/BMioJRSi3q',Twitter Web Client,,False,0,0,Ostbevern,,,False
840181574691880960,GOstbevern,Ostbevern,2017-03-10 12:44:31,b'Trafen sich  in #Ostbevern zum gemeinsamen Austausch: CDU-Landtagskanidat Daniel Hagemeier und B\xc3\xbcrgermeister Wolfgang Annen. https://t.co/gjOM2ZAZuH',Twitter Web Client,,False,0,0,Ostbevern,,,False
840153945330733057,GOstbevern,Ostbevern,2017-03-10 10:54:44,b'Das #BEVERBAD Team #Ostbevern sucht Verst\xc3\xa4rkung.   https://t.co/jMo11t1MBe',Twitter Web Client,,False,0,0,"BEVERBAD,Ostbevern",,,False
839789972571963393,GOstbevern,Ostbevern,2017-03-09 10:48:26,b'Herzlichen Gl\xc3\xbcckwunsch dem MGV #Ostbevern zum 3. Platz bei der Verleihung des Ehrenamtspreises 2016 sowie allen weiteren Teilnehmern. https://t.co/lVKXibdjrO',Twitter Web Client,,False,0,0,Ostbevern,,,False
839142894363607041,GOstbevern,Ostbevern,2017-03-07 15:57:11,b'Morgen ist #Weltfrauentag. Weltweit und auch in #Ostbevern stehen am morgigen Tag die Frauen im Mittelpunkt.',Twitter Web Client,,False,0,0,"Weltfrauentag,Ostbevern",,,False
839079279916896256,GOstbevern,Ostbevern,2017-03-07 11:44:24,"b'Heute Abend, 18 Uhr tagt der Haupt- u. Finanzausschuss der Gemeinde #Ostbevern im Rathaus. Hier die Tagesordnung:  https://t.co/zE3fYVtCgY'",Twitter Web Client,,False,0,0,Ostbevern,,,False
837150589201092609,GOstbevern,Ostbevern,2017-03-02 04:00:28,"b'Heute Abend, 18 Uhr Sitzung des Gemeinderates #Ostbevern in der neuen Aula der JAS. Hier die Tagesordnung: https://t.co/L25vTlRbjy'",Hootsuite,,False,0,0,Ostbevern,,,False
836611186347106304,GOstbevern,Ostbevern,2017-02-28 16:17:04,b'1. Glasfaserhausanschluss in #Ostbevern wurde heute Nachmittag aktiviert. https://t.co/fuDMyedEwb https://t.co/Oy6lQoImlW',Twitter Web Client,,False,0,0,Ostbevern,,,False
836551276523630592,GOstbevern,Ostbevern,2017-02-28 12:19:01,"b'Heute Abend tagt der Bildungs-, Generationen und Sozialausschuss #Ostbevern: https://t.co/WC6KqGGnXa'",Twitter Web Client,,False,0,0,Ostbevern,,,False
834761844271222784,GOstbevern,Ostbevern,2017-02-23 13:48:27,b'Im Rathaus #Ostbevern haben die Frauen die Macht \xc3\xbcbernommen. Helau allen Narren und N\xc3\xa4rinnen \xf0\x9f\xa4\xa3 https://t.co/7DHbs3eF1Y',Twitter Web Client,,False,0,0,Ostbevern,,,False
834050875517759488,GOstbevern,Ostbevern,2017-02-21 14:43:19,b'Gemeinsamer Austausch von BM Annen und Bundestagsabgeordneten Reinhold Senkder in #Ostbevern. Weitere Infos unter https://t.co/i0mzaRp80r https://t.co/RVvROpHP3n',Twitter Web Client,,False,0,0,Ostbevern,,,False
833738339614388224,GOstbevern,Ostbevern,2017-02-20 18:01:24,b'60 B\xc3\xbcrger informieren sich aktuell \xc3\xbcber geplanten Rathausneubau in #Ostbevern https://t.co/fnQTgmOm4W',Twitter for Android,,False,0,0,Ostbevern,,,False
833584026460049410,GOstbevern,Ostbevern,2017-02-20 07:48:13,b'Dialog-Veranstaltung zum Rathaus-Projekt heute um 18 Uhr in der Mensa der JAS #Ostbevern https://t.co/bR6W4F4Zep',Twitter Web Client,,False,0,0,Ostbevern,,,False
831778212686524418,GOstbevern,Ostbevern,2017-02-15 08:12:34,b'#Ostbevern Touristik sucht G\xc3\xa4rten f\xc3\xbcr #\xc3\x9cberdieMauergeschaut 2017\nhttps://t.co/NuuXBVGLbx',Twitter Web Client,,False,0,0,"Ostbevern,ÜberdieMauergeschaut",,,False
831453711457193984,GOstbevern,Ostbevern,2017-02-14 10:43:07,"b'Infoveranstaltung: Internet, Handy &amp; Co. - Was Eltern wissen sollten. \nMi., 15.2.17, 19 Uhr Rathaus #Ostbevern \nhttps://t.co/Yl5rapd1qy'",Twitter Web Client,,False,0,0,Ostbevern,,,False
829555581644058625,GOstbevern,Ostbevern,2017-02-09 05:00:37,"b'Heute Abend, 18 Uhr tagt der Gemeinderat #Ostbevern.'",Hootsuite,,False,0,0,Ostbevern,,,False
828830812242051072,GOstbevern,Ostbevern,2017-02-07 05:00:39,"b'Heute Abend, 18 Uhr tagt der Umwelt- und Planungsausschuss #Ostbevern.'",Hootsuite,,False,0,0,Ostbevern,,,False
826769581431721984,GOstbevern,Ostbevern,2017-02-01 12:30:03,b'Gemeinde #Ostbevern startet Fragebogen-Aktion f\xc3\xbcr B\xc3\xbcrger zum geplanten Rathaus-Neubau. Weitere Infos unter https://t.co/bR6W4F4Zep',Twitter Web Client,,False,0,0,Ostbevern,,,False
823881443092873218,GOstbevern,Ostbevern,2017-01-24 13:13:37,"b'Vortragsveranstaltung der Wi(h)r-Gruppe ""Meine Flucht von Damaskus nach #Ostbevern"". Do., 26.01., 20 Uhr, Edith-Stein-Haus #Ostbevern'",Twitter Web Client,,False,0,0,"Ostbevern,Ostbevern",,,False
823879659158962176,GOstbevern,Ostbevern,2017-01-24 13:06:32,"b'Die Wi(h)r-Gruppe #Ostbevern und weitere Interessierte freffen sich heute Abend, 18.00 Uhr im neuen Wi(h)r-Raum, Hauptstra\xc3\x9fe 52.'",Twitter Web Client,,False,0,0,Ostbevern,,,False
822438739842650112,GOstbevern,Ostbevern,2017-01-20 13:40:50,b'Die Gemeinde #Ostbevern gratuliert zum 40j\xc3\xa4hrigen Dienstjubil\xc3\xa4um https://t.co/ylZX5eZf6a',Twitter Web Client,,False,0,0,Ostbevern,,,False
822038268942417920,GOstbevern,Ostbevern,2017-01-19 11:09:30,b'Schwimmkurs f\xc3\xbcr Frauen startet am 02.02.17 im #Beverbad #Ostbevern. Weitere Infos unter https://t.co/EZFlErAJYH https://t.co/i28hBFJkhF',Twitter Web Client,,False,0,0,"Beverbad,Ostbevern",,,False
819826364366909442,GOstbevern,Ostbevern,2017-01-13 08:40:11,b'Kolpingfamilie #Ostbevern holt am Sa. 14.1. im Ortskern Ostbeverns und in der Eichendorff-Siedlung die Tanneb\xc3\xa4ume ab!',Hootsuite,,False,0,0,Ostbevern,,,False
819534757759483904,GOstbevern,Ostbevern,2017-01-12 13:21:27,b'#Unwetterwarnung f\xc3\xbcr #Ostbevern: Heute Nacht zwischen 0 - 11 Uhr ist bei starker Windzunahme mit Neuschnee zwischen 15-25 cm zu rechnen.',Twitter Web Client,,False,0,0,"Unwetterwarnung,Ostbevern",,,False
819459333457059844,GOstbevern,Ostbevern,2017-01-12 08:21:44,"b'#Neujahrsempfang der Gemeinde #Ostbevern am So., 15.01.17 um 11 Uhr in der Aula der Loburg. Festredner ist Michael Sch\xc3\xbcrkamp aus MS.'",Twitter Web Client,,False,0,0,"Neujahrsempfang,Ostbevern",,,False
819124908554932224,GOstbevern,Ostbevern,2017-01-11 10:12:51,b'#Ostbevern sucht f\xc3\xbcr die Landtagswahl am 14. Mai 2017 ehrenamtliche Wahlhelfer/innen. Weitere Infos: https://t.co/nEOBCwhlFn',Twitter Web Client,,False,0,0,Ostbevern,,,False
818792297802436610,GOstbevern,Ostbevern,2017-01-10 12:11:10,"b'Welcome! Die ""Wi(h)r""-Gruppe l\xc3\xa4dt zum Kennenlernen, Spielen, Basteln und ... am 15. Jan. von 14.30 - 17 Uhr ins Jugendcafe #Ostbevern ein.'",Twitter Web Client,,False,0,0,Ostbevern,,,False
818363258079997952,GOstbevern,Ostbevern,2017-01-09 07:46:19,b'Gratulation an die Fu\xc3\x9fballerinnen des BSV zum Gewinn des Volksbank-Bever-Cups in der BEVERHALLE #Ostbevern.\xf0\x9f\x98\x80',Twitter Web Client,,False,0,0,Ostbevern,,,False
817348525440823297,GOstbevern,Ostbevern,2017-01-06 12:34:08,"b'Sonntag, 08. Jan., 11-13 Uhr, f\xc3\xbcr alle Badeg\xc3\xa4ste Sektempfang im #Beverbad #Ostbevern'",Twitter Web Client,,False,0,0,"Beverbad,Ostbevern",,,False
817348230463815680,GOstbevern,Ostbevern,2017-01-06 12:32:58,"b'Samstag, 7. Jan., 10 - 12 Uhr steht am Recyclinghof #Ostbevern das Schadstoffmobil f\xc3\xbcr die Entsorgung von Sonderabf\xc3\xa4llen zur Verf\xc3\xbcgung.'",Twitter Web Client,,False,0,0,Ostbevern,,,False
817347656955625476,GOstbevern,Ostbevern,2017-01-06 12:30:41,b'Die #Sternsinger ziehen am 07. und 08. Januar auch in #Ostbevern von T\xc3\xbcr zu T\xc3\xbcr und sammeln f\xc3\xbcr ein Kinderstra\xc3\x9fenprojekt in Nairobi.',Twitter Web Client,,False,0,0,"Sternsinger,Ostbevern",,,False
817204211247153152,GOstbevern,Ostbevern,2017-01-06 03:00:41,b'Nicht vergessen: Heute wird die Restm\xc3\xbclltonne geleert!',Hootsuite,,False,0,0,,,,False
816841794440794114,GOstbevern,Ostbevern,2017-01-05 03:00:34,b'Heute von 8.00 - 12.30 Uhr Wochenmarkt auf dem Rathaus-Vorplatz in #Ostbevern.',Hootsuite,,False,0,0,Ostbevern,,,False
816597941066563584,GOstbevern,Ostbevern,2017-01-04 10:51:35,b'Das Rathaus #Ostbevern ist ab sofort wieder Mittwochvormittags von 8 - 12 Uhr ge\xc3\xb6ffnet. https://t.co/fuDMyedEwb',Twitter Web Client,,False,0,0,Ostbevern,,,False
816273621924642816,GOstbevern,Ostbevern,2017-01-03 13:22:51,"b'Ab Mittwoch, 04. Jan. kicken die Fu\xc3\x9fballdamen der Region in der #Beverhalle #Ostbevern um den Volksbank-Bever-Cup. Ab 19.00 Uhr geht es los.'",Twitter Web Client,,False,0,0,"Beverhalle,Ostbevern",,,False
816261999525068800,GOstbevern,Ostbevern,2017-01-03 12:36:40,b'Der neue Veranstaltungskalender liegt im Rathaus #Ostbevern kostenlos zur Mitnahme aus. https://t.co/BrtT0058sj',Twitter Web Client,,False,0,0,Ostbevern,,,False
815854896910102528,GOstbevern,Ostbevern,2017-01-02 09:38:59,b'Neujahrsgr\xc3\xbc\xc3\x9fe von #Ostbeverns B\xc3\xbcrgermeister Wolfgang Annen zu lesen auf https://t.co/qwOikwYGoz',Twitter Web Client,,False,0,0,Ostbeverns,,,False
814773030673117184,GOstbevern,Ostbevern,2016-12-30 10:00:02,b'Ab Januar 2017 wird die Gemeinde #Ostbevern \xc3\xbcber diesen Kanal regelm\xc3\xa4\xc3\x9fig Inforamtionen und Neuigkeiten verbreiten.',Twitter Web Client,,False,0,2,Ostbevern,,,False
